-- phpMyAdmin SQL Dump
-- version 5.2.1
-- https://www.phpmyadmin.net/
--
-- Host: 127.0.0.1
-- Generation Time: Apr 20, 2026 at 07:27 AM
-- Server version: 10.4.32-MariaDB
-- PHP Version: 8.2.12

SET SQL_MODE = "NO_AUTO_VALUE_ON_ZERO";
START TRANSACTION;
SET time_zone = "+00:00";


/*!40101 SET @OLD_CHARACTER_SET_CLIENT=@@CHARACTER_SET_CLIENT */;
/*!40101 SET @OLD_CHARACTER_SET_RESULTS=@@CHARACTER_SET_RESULTS */;
/*!40101 SET @OLD_COLLATION_CONNECTION=@@COLLATION_CONNECTION */;
/*!40101 SET NAMES utf8mb4 */;

--
-- Database: `eems`
--

-- --------------------------------------------------------

--
-- Table structure for table `admins`
--

CREATE TABLE `admins` (
  `admin_id` int(11) NOT NULL,
  `email` varchar(255) NOT NULL,
  `fullname` varchar(100) NOT NULL,
  `role` enum('Super Admin','EEMS Admin','EAMS Admin') NOT NULL,
  `password` varchar(255) NOT NULL,
  `reset_code` varchar(50) DEFAULT NULL,
  `code_expiry` datetime DEFAULT NULL,
  `created` timestamp NOT NULL DEFAULT current_timestamp()
) ENGINE=InnoDB DEFAULT CHARSET=utf8mb4 COLLATE=utf8mb4_general_ci;

--
-- Dumping data for table `admins`
--

INSERT INTO `admins` (`admin_id`, `email`, `fullname`, `role`, `password`, `reset_code`, `code_expiry`, `created`) VALUES
(2300295, 'cassyrain03@gmail.com', 'Bianca Rain Castillon', 'Super Admin', '$2b$10$7nVNYypnlfwEyycnMSBHAe7OvSGTShED3w0W63C3pt9iZwEZZ4f3C', NULL, NULL, '2026-02-26 07:19:51'),
(2300296, 'bitancor_jeremiah@plpasig.edu.ph', 'BITANCOR, JERIMIAH AMORA JR', 'EEMS Admin', '$2b$10$TIi4q7O/EWLRyQAOI9Q7wuhVAPw4avAP.RukxEfKa8dUxqfqfk/Cu', '163510', '2026-03-17 13:25:14', '2026-03-17 13:09:04');

-- --------------------------------------------------------

--
-- Table structure for table `authentication`
--

CREATE TABLE `authentication` (
  `auth_id` bigint(20) NOT NULL,
  `student_id` varchar(20) NOT NULL,
  `method` enum('FACIAL','MANUAL','QR') NOT NULL,
  `auth_status` enum('SUCCESS','FAILED') DEFAULT NULL,
  `accuracy` decimal(5,2) DEFAULT NULL,
  `duration` int(11) DEFAULT NULL,
  `timestamp` datetime NOT NULL DEFAULT current_timestamp()
) ENGINE=InnoDB DEFAULT CHARSET=utf8mb4 COLLATE=utf8mb4_general_ci;

--
-- Dumping data for table `authentication`
--

INSERT INTO `authentication` (`auth_id`, `student_id`, `method`, `auth_status`, `accuracy`, `duration`, `timestamp`) VALUES
(62, '23-00298', 'MANUAL', 'SUCCESS', NULL, NULL, '2026-04-13 16:01:28'),
(63, '23-00298', 'MANUAL', 'SUCCESS', NULL, NULL, '2026-04-13 16:03:48'),
(64, '23-00298', 'FACIAL', 'SUCCESS', 77.71, 0, '2026-04-14 00:14:24'),
(65, '23-00298', 'FACIAL', 'SUCCESS', 76.14, 0, '2026-04-14 00:14:59'),
(66, '23-00298', 'FACIAL', 'SUCCESS', 75.65, 0, '2026-04-14 00:15:25'),
(67, '23-00298', 'MANUAL', 'SUCCESS', NULL, NULL, '2026-04-14 00:16:03'),
(68, '23-00298', 'FACIAL', 'SUCCESS', 76.98, 0, '2026-04-14 00:18:05'),
(69, '23-00174', 'QR', 'SUCCESS', NULL, NULL, '2026-04-20 11:51:35'),
(70, '23-00174', 'QR', 'SUCCESS', NULL, NULL, '2026-04-20 11:51:53'),
(71, '23-00298', 'QR', 'SUCCESS', NULL, NULL, '2026-04-20 13:12:27'),
(72, '23-00174', 'QR', 'SUCCESS', NULL, NULL, '2026-04-20 13:12:40'),
(73, '23-00298', 'QR', 'SUCCESS', NULL, NULL, '2026-04-20 13:25:59'),
(74, '23-00298', 'MANUAL', 'SUCCESS', NULL, NULL, '2026-04-20 13:26:20');

-- --------------------------------------------------------

--
-- Table structure for table `departments`
--

CREATE TABLE `departments` (
  `id` int(11) NOT NULL,
  `dept_code` varchar(20) NOT NULL,
  `dept_name` varchar(100) NOT NULL,
  `status` enum('Active','Inactive') DEFAULT 'Active',
  `created_at` datetime DEFAULT current_timestamp(),
  `updated_at` datetime DEFAULT current_timestamp() ON UPDATE current_timestamp()
) ENGINE=InnoDB DEFAULT CHARSET=utf8mb4 COLLATE=utf8mb4_unicode_ci;

--
-- Dumping data for table `departments`
--

INSERT INTO `departments` (`id`, `dept_code`, `dept_name`, `status`, `created_at`, `updated_at`) VALUES
(8, 'COE', 'College of Engineering', 'Active', '2026-04-13 04:42:32', '2026-04-13 05:07:54'),
(9, 'CCS', 'College of Computer Studies', 'Active', '2026-04-13 04:44:09', '2026-04-13 08:14:24'),
(10, 'CON', 'College of Nursing', 'Active', '2026-04-13 08:07:20', '2026-04-13 08:07:47');

-- --------------------------------------------------------

--
-- Table structure for table `entry_exit_logs`
--

CREATE TABLE `entry_exit_logs` (
  `log_id` bigint(20) NOT NULL,
  `student_id` varchar(20) NOT NULL,
  `auth_id` bigint(20) NOT NULL,
  `action` enum('ENTRY','EXIT') NOT NULL,
  `log_time` datetime NOT NULL DEFAULT current_timestamp()
) ENGINE=InnoDB DEFAULT CHARSET=utf8mb4 COLLATE=utf8mb4_general_ci;

--
-- Dumping data for table `entry_exit_logs`
--

INSERT INTO `entry_exit_logs` (`log_id`, `student_id`, `auth_id`, `action`, `log_time`) VALUES
(62, '23-00298', 62, 'ENTRY', '2026-04-13 16:01:28'),
(63, '23-00298', 63, 'EXIT', '2026-04-13 16:03:48'),
(64, '23-00298', 64, 'ENTRY', '2026-04-14 00:14:24'),
(65, '23-00298', 65, 'EXIT', '2026-04-14 00:14:59'),
(66, '23-00298', 66, 'ENTRY', '2026-04-14 00:15:25'),
(67, '23-00298', 67, 'EXIT', '2026-04-14 00:16:03'),
(68, '23-00298', 68, 'ENTRY', '2026-04-14 00:18:05'),
(69, '23-00174', 69, 'ENTRY', '2026-04-20 11:51:35'),
(70, '23-00174', 70, 'EXIT', '2026-04-20 11:51:53'),
(71, '23-00298', 71, 'ENTRY', '2026-04-20 13:12:27'),
(72, '23-00174', 72, 'ENTRY', '2026-04-20 13:12:40'),
(73, '23-00298', 73, 'EXIT', '2026-04-20 13:25:59'),
(74, '23-00298', 74, 'ENTRY', '2026-04-20 13:26:20');

-- --------------------------------------------------------

--
-- Table structure for table `programs`
--

CREATE TABLE `programs` (
  `id` int(11) NOT NULL,
  `programCode` varchar(20) NOT NULL,
  `programName` varchar(200) NOT NULL,
  `department` varchar(100) NOT NULL,
  `programType` enum('Undergraduate','Graduate') NOT NULL DEFAULT 'Undergraduate',
  `programStatus` enum('Active','Inactive') NOT NULL DEFAULT 'Active',
  `duration` int(11) NOT NULL DEFAULT 0,
  `dateCreated` date NOT NULL
) ENGINE=InnoDB DEFAULT CHARSET=utf8mb4 COLLATE=utf8mb4_unicode_ci;

--
-- Dumping data for table `programs`
--

INSERT INTO `programs` (`id`, `programCode`, `programName`, `department`, `programType`, `programStatus`, `duration`, `dateCreated`) VALUES
(16, 'BSE', 'Bachelor of Science in Electrical Engineering', 'College of Engineering', 'Undergraduate', 'Active', 4, '2026-04-13'),
(17, 'BSIE', 'Bachelor of Science in Industrial Engineering', 'College of Engineering', 'Undergraduate', 'Active', 4, '2026-04-13'),
(18, 'BSIT', 'Bachelor of Science in Information Technology', 'College of Computer Studies', 'Undergraduate', 'Active', 4, '2026-04-13'),
(19, 'BSCS', 'Bachelor of Science in Computer Science', 'College of Computer Studies', 'Undergraduate', 'Active', 4, '2026-04-13'),
(20, 'CN', 'Nursing', 'College of Nursing', 'Undergraduate', 'Active', 4, '2026-04-13');

-- --------------------------------------------------------

--
-- Table structure for table `students`
--

CREATE TABLE `students` (
  `student_id` varchar(20) NOT NULL,
  `email` varchar(255) DEFAULT NULL,
  `first_name` varchar(50) NOT NULL,
  `last_name` varchar(50) NOT NULL,
  `middle_name` varchar(50) DEFAULT NULL,
  `extension_name` varchar(11) DEFAULT NULL,
  `college_department` varchar(100) NOT NULL,
  `program_name` varchar(200) DEFAULT NULL,
  `year_level` int(11) NOT NULL,
  `status` enum('Regular','Irregular','Inactive') NOT NULL DEFAULT 'Regular',
  `created_at` timestamp NULL DEFAULT current_timestamp(),
  `updated_at` datetime DEFAULT NULL ON UPDATE current_timestamp()
) ENGINE=InnoDB DEFAULT CHARSET=utf8mb4 COLLATE=utf8mb4_general_ci;

--
-- Dumping data for table `students`
--

INSERT INTO `students` (`student_id`, `email`, `first_name`, `last_name`, `middle_name`, `extension_name`, `college_department`, `program_name`, `year_level`, `status`, `created_at`, `updated_at`) VALUES
('23-00174', 'flavier_laurencejames@plpasig.edu.ph', 'LAURENCE JAMES', 'FLAVIER', 'LETANA', NULL, 'College of Computer Studies', NULL, 3, 'Regular', '2026-03-30 08:35:17', '2026-04-06 01:29:33'),
('23-00298', 'bitancor_jerimiah@plpasig.edu.ph', 'JERIMIAH', 'BITANCOR', 'AMORA', NULL, 'College of Computer Studies', NULL, 3, 'Regular', '2026-03-30 08:40:35', '2026-04-12 14:51:59');

-- --------------------------------------------------------

--
-- Table structure for table `student_face_embeddings`
--

CREATE TABLE `student_face_embeddings` (
  `id` int(11) NOT NULL,
  `student_id` varchar(20) NOT NULL,
  `face_embedding` longtext NOT NULL,
  `created_at` timestamp NOT NULL DEFAULT current_timestamp(),
  `face_position` varchar(20) DEFAULT NULL
) ENGINE=InnoDB DEFAULT CHARSET=utf8mb4 COLLATE=utf8mb4_general_ci;

--
-- Dumping data for table `student_face_embeddings`
--

INSERT INTO `student_face_embeddings` (`id`, `student_id`, `face_embedding`, `created_at`, `face_position`) VALUES
(52, '23-00174', '[-0.08216846734285355,-0.0033940232824534178,0.022476520389318466,0.02582372911274433,0.04608369618654251,0.01875266060233116,-0.003405235009267926,-0.07675676047801971,0.02430490404367447,-0.013931249268352985,0.0903141126036644,-0.018643883988261223,0.0016095875762403011,-0.07212042808532715,0.03900689259171486,0.07008235156536102,0.015597867779433727,-0.037748560309410095,0.023734770715236664,0.012864075601100922,0.0296596959233284,0.0025117972400039434,-0.025478443130850792,-0.04432955011725426,0.024516651406884193,0.06119121238589287,-0.023257749155163765,-0.07722871750593185,0.03720233589410782,0.01988084428012371,0.0011750517878681421,0.0025884644128382206,0.0685446634888649,-0.08017716556787491,-0.02156323567032814,-0.148654043674469,-0.035026948899030685,0.03570627421140671,-0.01715691201388836,0.02985946275293827,0.013553611934185028,-0.04568836838006973,-0.026257233694195747,0.022511251270771027,0.08806092292070389,-0.029932772740721703,-0.011747396551072598,0.04487045109272003,0.006155682727694511,0.015228808857500553,0.007203677669167519,-0.05720244720578194,-0.0701638013124466,0.054919932037591934,-0.03633616119623184,-0.021084705367684364,-0.03981991484761238,-0.013695325702428818,-0.027949173003435135,0.01436878927052021,0.000882617780007422,-0.045864034444093704,0.02494966983795166,-0.020193306729197502,0.029212212190032005,0.036763936281204224,-0.09449905157089233,-0.04822273924946785,0.028583593666553497,-0.007528160233050585,-0.02065270021557808,-0.013439786620438099,0.02731168083846569,-0.06238666549324989,-0.0029581815470010042,0.09243378043174744,-0.012243233621120453,0.11312755197286606,0.029471905902028084,0.03230072557926178,-0.011828775517642498,-0.026192588731646538,0.04855763912200928,-0.039347875863313675,-0.0036354074254631996,0.06834518909454346,-0.061866164207458496,0.039528828114271164,-0.027634108439087868,-0.0024138435255736113,0.08353540301322937,0.0168756190687418,0.01799114979803562,-0.0667450875043869,-0.031311534345149994,-0.06574106216430664,-0.04015383869409561,0.10322678834199905,0.10209038853645325,0.02215765044093132,0.03344632312655449,0.02245195582509041,0.029358800500631332,0.05237625166773796,0.04916757345199585,0.015306852757930756,0.005645835306495428,0.05316363647580147,0.0031001786701381207,0.022081047296524048,0.019710518419742584,0.09898647665977478,0.029776321724057198,0.022339891642332077,0.07283096015453339,-0.0831541195511818,0.004857747349888086,-0.050317004323005676,-0.036845020949840546,0.03124324232339859,-0.04323709011077881,0.025415603071451187,0.027030594646930695,-0.036365676671266556,-0.005568579770624638,0.011334563605487347,0.015979597344994545,-0.015772845596075058,0.011804444715380669,-0.08801647275686264,0.048557307571172714,0.04897531121969223,-0.01965191215276718,0.059999097138643265,-0.045605361461639404,0.04157579690217972,-0.035234834998846054,0.04367697238922119,0.06888099759817123,0.04410179704427719,-0.028059538453817368,-0.022061727941036224,-0.022706134244799614,0.047349538654088974,0.051680319011211395,-0.06595323979854584,-0.04122932627797127,-0.041472554206848145,0.008418845944106579,-0.06508998572826385,-0.02527989260852337,0.0695950835943222,-0.002992969239130616,-0.02578912116587162,-0.0031444854103028774,0.022643759846687317,-0.008104817941784859,-0.001871690503321588,-0.012000177055597305,0.05144520476460457,-0.026130933314561844,0.011571774259209633,-0.040543586015701294,0.0030827773734927177,0.012805133126676083,0.04474329948425293,-0.039088454097509384,-0.024632520973682404,0.08460098505020142,-0.006772263441234827,-0.007064135279506445,0.03557085245847702,0.02314128540456295,0.03704230114817619,0.04458389803767204,-0.0448724664747715,0.0037739668041467667,-0.04123745486140251,-0.003064453834667802,-0.04531300440430641,0.019040411338210106,-0.02285168133676052,0.008053428493440151,-0.011046744883060455,-0.04040186107158661,-0.047671839594841,0.0012050974182784557,-0.012337004765868187,0.03393637016415596,-0.04826461896300316,-0.014938335865736008,0.03438331559300423,-0.13858138024806976,0.059714868664741516,-0.03547428920865059,-0.03649969771504402,-0.049829863011837006,0.052359070628881454,0.06268128752708435,0.01610364206135273,-0.005588187836110592,0.016139818355441093,-0.04483882337808609,0.037507202476263046,0.015064619481563568,-0.03537709265947342,-0.023068463429808617,0.0780496671795845,-0.01235886663198471,-0.029456324875354767,-0.007916764356195927,0.0554201602935791,0.014605320058763027,0.006810437422245741,0.013968462124466896,-0.016136541962623596,-0.01428957562893629,0.028083398938179016,-0.004899982362985611,-0.015285158529877663,-0.06649025529623032,0.0005085659795440733,-0.0162715632468462,-0.006497275084257126,0.051626771688461304,-0.011387472972273827,0.007846352644264698,0.023871535435318947,0.025953881442546844,0.016265131533145905,-0.0036804466508328915,-0.018880411982536316,0.004802600480616093,-0.0011046129511669278,-0.03685302287340164,-0.019648924469947815,0.05275755375623703,-0.03812415525317192,0.06197166442871094,0.0024340730160474777,-0.01815107837319374,0.04094138741493225,-0.03536607325077057,0.015681834891438484,0.07334183156490326,-0.05688605085015297,0.02565048448741436,0.04833715781569481,-0.006102623417973518,-0.05011396482586861,0.017374027520418167,0.07273213565349579,0.052359215915203094,-0.022984212264418602,-0.01766493357717991,-0.07622692734003067,0.037230201065540314,-0.0472528412938118,0.005651592742651701,0.037815697491168976,-0.05320688709616661,-0.013273738324642181,0.005996608175337315,-0.048408620059490204,0.003647427773103118,-0.053775157779455185,0.006699929013848305,-0.00975833460688591,-0.07613395899534225,0.021737486124038696,0.07398724555969238,-0.0352649912238121,-0.019788220524787903,0.024097418412566185,0.022581834346055984,0.02769303508102894,0.01055807527154684,-0.08362957835197449,-0.0003006212937179953,-0.01817193627357483,0.017057443037629128,0.032176729291677475,0.053641192615032196,0.10537675023078918,-0.012024468742311,-0.006903108209371567,0.06660598516464233,-0.03896922618150711,-0.00643947534263134,0.03713805228471756,0.0024637572932988405,-0.004763154312968254,-0.05559129640460014,0.06937748938798904,0.057613804936409,0.07248266786336899,0.07353411614894867,0.02168075554072857,-0.05019606277346611,0.033533744513988495,0.005871106870472431,-0.022251905873417854,-0.12485174834728241,0.0341653972864151,0.008702071383595467,0.02271861582994461,-0.015285457484424114,-0.009695344604551792,0.025497300550341606,0.09304026514291763,-0.026536179706454277,-0.014041588641703129,0.015886986628174782,-0.01794091984629631,-0.01405067928135395,-0.025070058181881905,0.028228482231497765,0.028362365439534187,-0.014056740328669548,-0.029096579179167747,0.014984006062150002,-0.06383350491523743,-0.016693515703082085,-0.010468575172126293,0.012694002129137516,-0.15358386933803558,-0.001555712427943945,-0.04309186711907387,-0.019464395940303802,-0.0037252006586641073,-0.004338814411312342,-0.027560759335756302,0.023212533444166183,0.007450913079082966,-0.1467355638742447,-0.09110001474618912,-0.03345710411667824,-0.00842045247554779,0.030834641307592392,-0.043767765164375305,0.0039613074623048306,-0.0012905611656606197,0.0037013303954154253,0.03849383443593979,-0.0046174307353794575,-0.025089217349886894,-0.07258899509906769,0.06022580340504646,-0.020935287699103355,0.05297130346298218,0.010373711585998535,0.033489640802145004,0.025965427979826927,0.05350904539227486,-0.06712038815021515,0.023661717772483826,-0.0019543685484677553,0.057348042726516724,-0.09639682620763779,0.004645319655537605,-0.012038705870509148,-0.020876407623291016,0.048735734075307846,-0.04357193782925606,0.01666095107793808,0.023698238655924797,0.05619489774107933,0.08078470826148987,-0.035818129777908325,0.0839502215385437,-0.0110474843531847,-0.0753849446773529,0.001851312699727714,0.07120924443006516,0.08881796151399612,0.08465255796909332,0.04475567862391472,0.00568673200905323,-0.07192713767290115,0.06339839100837708,-0.0039283400401473045,-0.03612441569566727,0.0037299864925444126,-0.009085261262953281,-0.05149117857217789,0.04370986297726631,-0.015890343114733696,-0.05482393130660057,-0.047737300395965576,0.030781174078583717,-0.07001250982284546,0.13019263744354248,-0.016993364319205284,0.01343157235532999,-0.045061394572257996,0.08529748767614365,0.043322909623384476,-0.05148451775312424,-0.010259516537189484,-0.03281300514936447,0.04041412100195885,0.03289096802473068,0.008208020590245724,0.02980039082467556,-0.03399919345974922,-0.025648200884461403,-0.013032565824687481,-0.05323714390397072,0.04628775268793106,0.02069791965186596,-0.04017416015267372,-0.030108770355582237,-0.022755218669772148,-0.02160721831023693,-0.01695326715707779,0.007500646635890007,-0.01764618791639805,-0.03347785398364067,-0.000904793618246913,0.03674258664250374,-0.022731907665729523,0.0028171080630272627,0.07115796208381653,0.017859727144241333,-0.011988291516900063,0.10737299919128418,-0.06645426154136658,0.04812055453658104,0.010614605620503426,-0.015355381183326244,-0.023659322410821915,-0.05293898656964302,-0.06498350948095322,-0.03682275116443634,-0.06369790434837341,-0.036859914660453796,-0.048773687332868576,-0.007893843576312065,0.058970339596271515,0.07401347160339355,0.058635056018829346,0.012501177377998829,-0.03704534471035004,-0.03764275461435318,-0.04145084321498871,-0.036603402346372604,-0.03881097584962845,0.05555304139852524,-0.008938501589000225,0.05231878533959389,-0.014827405102550983,-0.004915752448141575,0.06469731777906418,0.00036281271604821086,0.009894894436001778,-0.0020013402681797743,-0.06010944023728371,0.06736478209495544,-0.019346727058291435,0.02765750326216221,0.011153112165629864,0.05834060162305832,0.004676688928157091,-0.011189493350684643,0.038123201578855515,-0.004764424171298742,-0.028676558285951614,-0.03829263523221016,-0.018256129696965218,0.04078063368797302,0.059775251895189285,0.0134403295814991,0.022139135748147964,0.029282178729772568,-0.00440450431779027,0.008471036329865456,-0.04003890976309776,-0.05097699537873268,0.05003608763217926,0.1320732980966568,-0.030695375055074692,-0.048780407756567,0.04649839177727699,-0.011743566021323204,-0.03556977957487106,0.036622632294893265,-0.009261488914489746,0.020631950348615646,0.06154513731598854,0.022010093554854393,-0.06279218941926956,-0.011548141948878765,0.04355473071336746,0.022898709401488304,0.01454081293195486,-0.024483244866132736,0.022788776084780693,-0.02259981632232666,-0.047466471791267395,-0.03507218509912491,0.02194869890809059,-0.026044651865959167,0.09491003304719925,-0.016654454171657562,-0.034656550735235214,-0.0028634879272431135,0.1246156394481659,0.06571490317583084,0.009914149530231953,-0.04987895488739014,-0.03830952197313309,0.04517834261059761]', '2026-03-30 08:35:18', 'center'),
(53, '23-00174', '[-0.050891149789094925,-0.02084517292678356,-0.01948854699730873,0.019374636933207512,-0.03725883364677429,0.042953360825777054,-0.032436974346637726,-0.04196080192923546,0.03666210547089577,-0.08042740821838379,0.10818235576152802,-0.019918186590075493,-0.034325841814279556,-0.03541499376296997,0.045790642499923706,0.08132404088973999,0.021778637543320656,-0.053823839873075485,0.016078749671578407,0.05270896479487419,0.052041102200746536,0.03222214803099632,-0.007654917426407337,-0.032188259065151215,-0.0007211823831312358,0.10453858226537704,0.004372064955532551,-0.06812300533056259,0.014462718740105629,0.03046836331486702,0.03341605141758919,0.028949478641152382,0.09849292039871216,-0.013913128525018692,-0.038678236305713654,-0.1179637685418129,-0.07150383293628693,0.017566144466400146,-0.056352291256189346,-0.0063687777146697044,0.017645616084337234,-0.0663338154554367,-0.01811078190803528,-0.011044761165976524,0.07493842393159866,-0.0489971749484539,0.02067960426211357,0.04974670708179474,0.007126383949071169,0.05782396346330643,-0.06681917607784271,-0.0717199519276619,-0.0003765049623325467,0.051046133041381836,-0.03330012783408165,-0.12172968685626984,0.01151576079428196,0.0022736969403922558,0.015425343997776508,0.03271230682730675,0.03262612596154213,-0.03180113807320595,0.022053780034184456,-0.007052774541079998,0.035765569657087326,0.029447756707668304,0.015831438824534416,-0.0606483519077301,-0.033954963088035583,0.04756530746817589,0.020535286515951157,-0.007961094379425049,0.1049218475818634,-0.11059243977069855,0.04594923183321953,0.0782204419374466,0.020033178851008415,0.04296501725912094,0.031669214367866516,0.09851105511188507,-0.08344326913356781,0.01666775718331337,0.019353050738573074,-0.013567917048931122,-0.03608750179409981,0.08344841003417969,0.004011221695691347,0.028656598180532455,0.0204792283475399,-0.05156415328383446,0.08972460776567459,-0.029205719009041786,0.009993072599172592,-0.08289042115211487,-0.03565578907728195,-0.02222485840320587,-0.02843778394162655,0.04294085130095482,0.07769042253494263,0.04641077667474747,0.020332252606749535,0.008780100382864475,0.03764256462454796,0.03994252160191536,-0.02648700214922428,0.07511668652296066,-0.04693610221147537,-0.0035210466012358665,-0.00042147893691435456,0.034046195447444916,0.057982396334409714,0.04049961641430855,-0.00603220472112298,0.0018954987172037363,0.03246203437447548,-0.07229320704936981,0.012695246376097202,0.005259878467768431,0.012445450760424137,0.03836618363857269,-0.03745751455426216,-0.00910884514451027,0.0035612157080322504,-0.07142075896263123,-0.019617125391960144,0.006184376776218414,-0.002019460080191493,-0.03467728570103645,0.025726573541760445,-0.02238045632839203,0.05386563017964363,0.06395156681537628,-0.0015957682626321912,0.05464708060026169,0.007343778852373362,0.047633882611989975,0.018199684098362923,0.035366158932447433,0.09599846601486206,-0.01789611391723156,0.029321027919650078,0.0027938615530729294,-0.06747503578662872,0.04336174204945564,0.011555212549865246,-0.039064254611730576,-0.02836398035287857,0.029541317373514175,0.0084134042263031,-0.0744265466928482,0.015619662590324879,0.07701298594474792,0.02377401292324066,-0.019931990653276443,-0.040085043758153915,0.028597919270396233,-0.06284274905920029,0.0026438182685524225,0.05128289386630058,0.038519930094480515,-0.0483219176530838,-0.010943930596113205,-0.008875721134245396,-0.03361498937010765,0.061620138585567474,-0.015571909956634045,0.010149337351322174,-0.04195484146475792,0.07418942451477051,0.0013942490331828594,0.012654200196266174,0.0328407846391201,0.030942725017666817,-0.004804824013262987,-0.011508227325975895,0.02449067123234272,-0.011905535124242306,0.022404151037335396,-0.02111528255045414,0.034324098378419876,-0.05851903185248375,-0.0018735218327492476,-0.017678892239928246,-0.04698662832379341,0.010314257815480232,0.019586950540542603,-0.0038995968643575907,-0.06612342596054077,-0.00819679256528616,-0.11013863980770111,-0.08003530651330948,0.01445099152624607,-0.1028963178396225,0.03840037062764168,0.017617186531424522,-0.009302978403866291,0.022983113303780556,0.06820785254240036,0.07646960765123367,-0.005027272738516331,-0.027340272441506386,0.02880704775452614,-0.07084962725639343,0.1031215712428093,-0.00884209293872118,-0.018431495875120163,-0.05354861170053482,0.04314281791448593,0.04520496726036072,-0.03395729139447212,-0.029517848044633865,0.0027439973782747984,0.06020616367459297,0.003535902826115489,-0.027891336008906364,-0.01809060387313366,0.030552368611097336,-0.04926116392016411,0.03971262276172638,-0.05743635818362236,-0.02907719649374485,0.03432760760188103,0.028861094266176224,0.015505468472838402,0.014273329637944698,0.03189288079738617,0.042733121663331985,0.048653494566679,-0.011317197233438492,0.030095307156443596,0.059356652200222015,0.010128829628229141,0.008748732507228851,0.03382522612810135,-0.003234961535781622,-0.05173986032605171,-0.013876882381737232,-0.03232963755726814,0.045100271701812744,0.04515603184700012,-0.040041226893663406,0.044485509395599365,-0.022254347801208496,-0.013509145006537437,0.09547759592533112,-0.04873179644346237,0.02712613344192505,0.02734825760126114,0.0363481231033802,-0.07055725902318954,-0.0005378937348723412,0.0649087205529213,0.004867921583354473,-0.01760048232972622,-0.015635300427675247,-0.003989001736044884,0.01735110394656658,-0.005363768432289362,0.02660173922777176,0.05252908542752266,-0.046376440674066544,-0.01632407121360302,0.024060457944869995,-0.05669990926980972,0.03726077452301979,-0.0191337987780571,0.042603492736816406,-0.03843917325139046,-0.03129821643233299,0.01520933024585247,0.08585888892412186,-0.024216018617153168,-0.04828072711825371,0.02462136186659336,0.0321502611041069,-0.042280152440071106,-0.0883762463927269,-0.04540831595659256,-0.044166628271341324,0.021929901093244553,-0.0026333031710237265,0.056376490741968155,0.07841040194034576,0.10771507024765015,-0.01257957424968481,0.0033586781937628984,0.06048109009861946,0.04935036227107048,-0.021661313250660896,0.006712037138640881,0.011756258085370064,-0.00790887326002121,-0.013377496972680092,0.059950944036245346,0.027634652331471443,-0.010694719851016998,0.02934388257563114,-0.02738254703581333,-0.06354349851608276,0.017880413681268692,0.013601038604974747,-0.015778586268424988,-0.12049724906682968,0.023795001208782196,0.06231711432337761,0.0461580716073513,-0.006412914022803307,-0.03327430784702301,0.05538633465766907,0.03519000485539436,0.02370932325720787,0.022731846198439598,0.008947465568780899,0.1023581475019455,-0.015212076716125011,-0.0006706062704324722,0.05405106022953987,-0.006673506926745176,-0.00859746616333723,0.006055025849491358,-0.022786743938922882,-0.037437766790390015,-0.034186966717243195,0.007303157821297646,0.03894905373454094,-0.14118725061416626,-0.05353660136461258,-0.03648889809846878,-0.008129588328301907,-0.029688725247979164,-0.018576286733150482,-0.046679653227329254,0.06605397164821625,-0.010577470064163208,-0.11147031933069229,-0.050791185349226,-0.0050514256581664085,0.015576738864183426,0.05328034237027168,-0.002228397876024246,-0.01724173314869404,-0.04253664240241051,-0.022009791806340218,-0.021223586052656174,0.030307956039905548,0.033234696835279465,-0.05846690014004707,0.014143058098852634,-0.012829556129872799,-0.01811344176530838,0.03350666165351868,0.03498706966638565,0.04101712629199028,0.09116032719612122,-0.02499825321137905,0.015781434252858162,0.04283605143427849,0.08178803324699402,-0.08273523300886154,-0.009048636071383953,-0.026966137811541557,-0.002947459928691387,0.0331697091460228,-0.042517565190792084,0.08634722977876663,0.01777747832238674,0.06537652015686035,0.06825021654367447,-0.02638065814971924,0.04363691061735153,-0.05154852196574211,-0.09386669099330902,0.039929717779159546,0.0276496484875679,0.06410212069749832,0.06591460108757019,0.041012588888406754,0.028995253145694733,-0.030197152867913246,0.034344471991062164,0.0023459531366825104,-0.0034820595756173134,0.005917420145124197,-0.034098949283361435,0.018257103860378265,0.023249203339219093,-0.006928090006113052,-0.10461119562387466,-0.046616703271865845,-0.009996498934924603,-0.054313793778419495,0.10660169273614883,0.04455312713980675,-0.003354745451360941,-0.006112506613135338,0.0641716718673706,0.005371748004108667,-0.047051940113306046,0.06418609619140625,-0.03879452124238014,0.022923119366168976,0.03038892149925232,-0.0034201908856630325,-0.021895859390497208,0.0009620220516808331,-0.03384438529610634,-0.050272852182388306,-0.00739056384190917,-0.022358039394021034,-0.0017222866881638765,-0.05590812489390373,-0.01856585033237934,-0.000620008388068527,-0.006175854708999395,-0.00950157456099987,-0.0012491528177633882,0.03850742056965828,-0.04557473585009575,-0.025202730670571327,-0.034800779074430466,-0.061990492045879364,0.025425449013710022,0.038505326956510544,-0.019663678482174873,-0.02983829937875271,0.05418098345398903,-0.041806623339653015,0.05437907576560974,0.0037869575899094343,0.0371820442378521,-0.0020589404739439487,0.008999352343380451,-0.058130670338869095,-0.05006503313779831,-0.03988263010978699,-0.044558554887771606,-0.010117718018591404,-0.016772203147411346,0.05282672122120857,0.07953931391239166,0.03500308096408844,-0.023219550028443336,-0.0019255451625213027,-0.04240742698311806,-0.05930275097489357,-0.042635321617126465,0.0037023290060460567,-0.0001121658060583286,0.002564489608630538,0.04750640690326691,0.004227079451084137,-0.013929445296525955,0.06044280156493187,-0.050917237997055054,0.005137431435286999,-0.0049647195264697075,-0.012438715435564518,0.06471402198076248,-0.011065156199038029,0.03913172334432602,0.07877682149410248,0.032349973917007446,-0.015389321371912956,-0.05673515424132347,-0.011470688506960869,0.044605761766433716,-0.021995460614562035,-0.0015627042157575488,-0.013820561580359936,0.050550542771816254,0.05611233785748482,-0.0048000505194067955,-0.02420806884765625,0.0314747616648674,-0.01222891453653574,0.056140124797821045,-0.023230766877532005,-0.04116934910416603,0.006680985912680626,0.0675605982542038,0.03797454386949539,-0.04901725798845291,0.05104348435997963,-0.013877017423510551,-0.019978059455752373,0.01600636914372444,0.0055303932167589664,0.0912100300192833,0.023325452581048012,0.03466476872563362,-0.005417175125330687,0.016765015199780464,-0.007067016325891018,0.004483034834265709,-0.04640521481633186,-0.02357112616300583,0.015610221773386002,0.03173135966062546,-0.11427848041057587,0.02417917549610138,0.06495632231235504,-0.05553150177001953,-0.00635818624868989,-0.027876708656549454,-0.07523718476295471,0.03291897103190422,0.10929656773805618,0.026996366679668427,0.038680125027894974,0.010662923566997051,-0.07344915717840195,-0.0009804896544665098]', '2026-03-30 08:35:18', 'left'),
(54, '23-00174', '[-0.07598838210105896,0.01582421362400055,0.020739803090691566,0.060059625655412674,0.016172241419553757,0.03208908438682556,-0.05500887334346771,-0.07627468556165695,0.05116599053144455,-0.09850272536277771,0.10862778127193451,-0.01530374027788639,0.01143135130405426,-0.0459064319729805,0.05942312628030777,0.04036974906921387,0.018670853227376938,-0.02228378690779209,-0.00015381723642349243,0.011119245551526546,0.04776155948638916,0.004562488291412592,-0.06405968219041824,0.003891735104843974,0.004954235628247261,0.07629775255918503,-0.01749306358397007,-0.05003499239683151,-0.00554099353030324,0.04923069104552269,-0.009896228089928627,0.015537424013018608,0.09355036914348602,0.0213584266602993,-0.013628018088638783,-0.08191458880901337,-0.020357316359877586,0.035680145025253296,-0.03685453534126282,-0.0004890603013336658,0.031412333250045776,-0.03965039178729057,-0.03570659086108208,0.023417912423610687,0.0964147225022316,0.035432834178209305,0.02827591821551323,-0.010783304460346699,0.015762630850076675,0.04225289076566696,-0.018409308046102524,-0.061375755816698074,-0.050983868539333344,0.01753261312842369,-0.07581676542758942,-0.06569579243659973,0.0018434443045407534,-0.025061219930648804,-0.011666525155305862,0.004661195445805788,-0.005660146474838257,-0.027576161548495293,0.02355993166565895,-0.005354590248316526,0.04812547191977501,0.0037711423356086016,-0.019205478951334953,-0.08029569685459137,0.04352607578039169,0.022306429222226143,-0.032242536544799805,-0.05062316358089447,0.0027230032719671726,-0.11226830631494522,-0.025586280971765518,0.050833072513341904,0.024982528761029243,0.004319002851843834,0.019634678959846497,0.07461514323949814,-0.025042852386832237,-0.014979561790823936,0.038460228592157364,-0.07140402495861053,-0.02648395672440529,0.024193845689296722,-0.018067743629217148,0.01896531693637371,-0.00898477528244257,-0.04900126904249191,0.09505707025527954,0.04970816150307655,0.029988044872879982,-0.07546474039554596,-0.04697322100400925,0.012423536740243435,-0.07159990817308426,0.023209793493151665,0.07603684812784195,-0.024898331612348557,0.030324561521410942,-0.0058114854618906975,-0.010626833885908127,0.05979470908641815,-0.02560434117913246,0.010185337625443935,-0.062278058379888535,-0.027788490056991577,0.04251834750175476,0.004216731991618872,0.05837245658040047,0.09050857275724411,0.007783439010381699,0.03970523551106453,0.04957764968276024,-0.052831124514341354,0.04667259752750397,0.019434235990047455,-0.046031203120946884,-0.008144778199493885,0.01911778934299946,-0.014967785216867924,-0.018730588257312775,-0.017506204545497894,-0.04761895537376404,0.07747501134872437,-0.026434985920786858,-0.019747842103242874,0.03503997251391411,0.0002115253737429157,0.025210121646523476,0.05622602626681328,0.011759176850318909,0.059712138026952744,-0.012582262977957726,-0.005318718962371349,0.0595453716814518,0.04691607877612114,0.0896669328212738,0.03000740148127079,0.03615284711122513,0.0026338896714150906,-0.01745685189962387,0.0010079769417643547,0.0450240783393383,-0.018903281539678574,-0.05957290902733803,0.02884787507355213,0.005128834862262011,-0.03256310895085335,-0.043141838163137436,0.054624538868665695,0.038932908326387405,0.021654194220900536,0.03145455941557884,0.05015897750854492,-0.06546700745820999,-0.0014714139979332685,-0.04287780821323395,0.027999216690659523,-0.005307742860168219,-0.04679535701870918,0.0015719132497906685,-0.025785747915506363,-0.022709250450134277,0.04296711087226868,-0.03517203405499458,-0.05462746322154999,0.06987335532903671,-0.002739552641287446,0.0212169848382473,0.08092214912176132,-0.032562706619501114,-0.0085384426638484,0.02190643735229969,0.0064857034012675285,0.01760004088282585,-0.017696119844913483,-0.06115894392132759,-0.00392374861985445,0.032915253192186356,0.042317427694797516,0.0403139553964138,-0.028326470404863358,0.004339365288615227,-0.11608303338289261,-0.04010140895843506,-0.04461739957332611,-0.0034237848594784737,-0.10438254475593567,-0.022346235811710358,0.058182261884212494,-0.05538692697882652,0.010651248507201672,0.03902403637766838,-0.06663626432418823,-0.02960367128252983,-0.05396329611539841,0.01906973123550415,-0.024948420003056526,0.01940239407122135,-0.03806794807314873,-0.11801207065582275,0.04502927511930466,-0.024060793220996857,-0.04484914243221283,-0.03611825406551361,-0.004393458366394043,0.013674198649823666,0.017354287207126617,-0.03466976806521416,0.029571887105703354,0.06968043744564056,0.019111687317490578,0.00023157981922850013,-0.050855591893196106,0.013535568490624428,-0.03745380789041519,0.03812375292181969,-0.06132616475224495,-0.05922924354672432,0.012213962152600288,-0.003071452956646681,-0.006589906290173531,0.06785088032484055,0.0030917588155716658,-0.03346624597907066,0.007774522062391043,0.026611588895320892,0.045438166707754135,0.040452588349580765,-0.03855172172188759,0.023863568902015686,0.009458261542022228,-0.04801468178629875,-0.014577546156942844,0.0726475641131401,-0.010585013777017593,0.08881905674934387,-0.03319267928600311,-0.03333849459886551,0.024785645306110382,-0.057916149497032166,0.05349239334464073,0.048885613679885864,0.008414044976234436,0.0013583204708993435,0.07761611044406891,-0.04982312396168709,-0.07351376116275787,-0.017644047737121582,0.04831608384847641,-0.00006430014036595821,0.022390369325876236,0.0044646598398685455,-0.11106505990028381,0.04121886193752289,0.006533180829137564,0.018853679299354553,0.060434937477111816,-0.09923405945301056,-0.020811012014746666,0.0011783476220443845,-0.06746336817741394,0.015850704163312912,-0.03213278949260712,-0.002444569719955325,-0.04921107739210129,-0.0025720263365656137,0.045135702937841415,0.05154544115066528,0.020852720364928246,-0.010169082321226597,0.042683497071266174,0.012885942123830318,-0.0584031343460083,-0.04978298768401146,-0.07680082321166992,-0.014781671576201916,0.06251395493745804,0.032654792070388794,-0.037188608199357986,0.015722181648015976,0.0762879028916359,0.027664322406053543,-0.04380655661225319,0.030803436413407326,-0.05193467438220978,-0.052250828593969345,-0.03445519134402275,0.04082392901182175,-0.005392285995185375,-0.017929254099726677,0.08494048565626144,-0.00876571238040924,0.052231188863515854,0.07319483160972595,0.06640318781137466,-0.03372737020254135,0.01721556857228279,0.04559239745140076,0.006838424596935511,-0.07848572731018066,0.036660656332969666,0.01930873841047287,-0.005737856030464172,-0.03484322130680084,-0.03094595856964588,0.024482659995555878,0.08166611194610596,0.026994096115231514,0.005457357037812471,0.009605929255485535,0.021118205040693283,-0.05992170423269272,-0.027077404782176018,0.004666042048484087,-0.02900688163936138,-0.01464393362402916,-0.04010354354977608,-0.0012759576784446836,-0.09829823672771454,0.050502486526966095,0.036520786583423615,0.03757168725132942,-0.11190465837717056,0.05276786535978317,0.0035664525348693132,0.008669998496770859,-0.0007644321885891259,0.038496918976306915,-0.048662927001714706,-0.004826916381716728,0.03989173099398613,-0.12635082006454468,-0.03991291671991348,0.0008001256501302123,0.013898375444114208,0.016357887536287308,-0.08021028339862823,0.010461069643497467,-0.06636209040880203,0.009067635051906109,0.004204811528325081,-0.02266153134405613,-0.019669096916913986,-0.10442424565553665,0.06546379625797272,-0.03389544039964676,-0.005838287062942982,0.006157188676297665,-0.0017210491932928562,0.005875796545296907,0.05827449634671211,-0.009437264874577522,0.05882265791296959,0.0149854626506567,0.09846193343400955,-0.1085171326994896,0.029514821246266365,-0.08135520666837692,-0.035199616104364395,0.016233762726187706,-0.07474984973669052,0.0038518772926181555,0.0030473789665848017,0.044104814529418945,0.06010238826274872,-0.00551327969878912,-0.02837650664150715,-0.015275477431714535,-0.034110117703676224,0.047899600118398666,0.009422429837286472,0.025426726788282394,0.08341994881629944,0.05832969769835472,0.002049405360594392,-0.05206186696887016,0.0353151373565197,0.00622520549222827,-0.03530733659863472,-0.005251845344901085,-0.06488783657550812,0.025672974064946175,-0.01104065589606762,0.009259364567697048,-0.09128153324127197,-0.019425764679908752,0.02548818290233612,-0.0288346316665411,0.07927396893501282,-0.005694285966455936,0.023239053785800934,-0.02803453989326954,0.04832141846418381,0.04895568639039993,-0.00736727612093091,0.10121463239192963,-0.03748321533203125,0.02488170936703682,0.01634378172457218,-0.016717107966542244,0.04682798311114311,-0.04801267012953758,-0.023914968594908714,-0.007612135726958513,-0.11551825702190399,0.055940333753824234,0.0015850046183913946,-0.03559486195445061,-0.038430895656347275,0.03264985233545303,0.038084063678979874,0.04329310357570648,0.06875760108232498,0.022928386926651,-0.052993424236774445,-0.03316391631960869,-0.037341780960559845,-0.029686007648706436,0.025162845849990845,0.0746232196688652,-0.009364594705402851,-0.04111764207482338,0.09154266864061356,0.025126339867711067,0.02785603143274784,0.0017836543265730143,-0.05734565481543541,-0.08274602144956589,0.024298755452036858,-0.02700931765139103,-0.03206774219870567,-0.04474393650889397,-0.04404515027999878,-0.026973944157361984,-0.020450199022889137,0.04880751669406891,0.0429852232336998,0.03684414550662041,-0.04576607048511505,0.017781583592295647,-0.01783681847155094,-0.047318730503320694,-0.020203812047839165,0.010689567774534225,0.031331829726696014,-0.004437917377799749,0.060675572603940964,0.016698481515049934,0.0041394722647964954,0.022763637825846672,0.0470498688519001,0.07451149076223373,0.015834592282772064,-0.05813559889793396,0.1024518609046936,-0.06643776595592499,0.042581815272569656,0.05528426542878151,0.021051272749900818,0.09006769210100174,-0.023170704022049904,0.030807238072156906,0.02531975694000721,0.016693050041794777,0.018823498860001564,-0.034358590841293335,0.04203396663069725,0.00621614558622241,0.03649549558758736,-0.009053928777575493,0.11548302322626114,0.0021904960740357637,0.008034267462790012,0.022161314263939857,-0.038557134568691254,0.007271155249327421,0.0651363879442215,0.03054988756775856,-0.04315737634897232,-0.013524362817406654,0.012403695844113827,-0.06501752883195877,-0.0016314901877194643,0.008683165535330772,0.05008562281727791,0.02384626492857933,0.03139818459749222,0.021644029766321182,0.00893415417522192,0.0020525187719613314,-0.020192544907331467,-0.03058837540447712,-0.004955695476382971,-0.0038245059549808502,-0.0302255991846323,-0.09008518606424332,0.009967495687305927,0.031106121838092804,-0.050233472138643265,0.005771672818809748,-0.05569576099514961,-0.05179332196712494,-0.0004052130680065602,0.057934973388910294,0.020517811179161072,0.015758251771330833,0.007384384982287884,-0.021870741620659828,0.0029684873297810555]', '2026-03-30 08:35:18', 'right'),
(55, '23-00174', '[-0.04641593620181084,0.027598857879638672,-0.017824798822402954,0.02443511411547661,0.026539620012044907,0.062776580452919,0.01943088322877884,-0.14679810404777527,0.030726538971066475,-0.05401730537414551,0.07272973656654358,0.030609508976340294,0.0008363236556760967,-0.08683280646800995,0.02513767033815384,0.12108485400676727,0.02008889988064766,-0.05056668072938919,0.010821802541613579,0.08886198699474335,-0.004137509502470493,0.03853776305913925,-0.04556348919868469,0.010733382776379585,0.03387374430894852,0.11437544226646423,0.012816059403121471,-0.04844292998313904,0.03561067953705788,0.0319075733423233,0.00458240881562233,-0.010083612985908985,0.0843505859375,-0.06305093318223953,-0.05100936070084572,-0.07857827842235565,-0.002457019640132785,0.07330957800149918,-0.031279027462005615,0.0021999969612807035,0.014164787717163563,-0.0388309471309185,-0.05470426008105278,0.00682409293949604,0.0251206886023283,0.0007203500135801733,0.0035939591471105814,0.0259711891412735,0.01643696241080761,0.027449265122413635,0.017474934458732605,-0.06522461026906967,-0.03812016174197197,0.058667268604040146,0.024495920166373253,-0.030594272539019585,-0.013693767599761486,-0.009721081703901291,-0.038285620510578156,-0.008970746770501137,0.0038923267275094986,-0.0833381786942482,-0.003909390419721603,0.007357616443186998,0.008391902782022953,0.07475090771913528,-0.00009374559886055067,-0.01760372519493103,-0.004002787172794342,0.013533313758671284,0.02152974158525467,-0.035338737070560455,0.05147487297654152,-0.09154212474822998,0.047728944569826126,0.08633151650428772,0.04049859195947647,0.019571559503674507,-0.0015532375546172261,0.0008603619644418359,-0.004045735578984022,0.019616100937128067,-0.02644026279449463,-0.021683592349290848,0.013143694959580898,0.034257907420396805,-0.017630772665143013,0.09408967941999435,0.02282341755926609,-0.014564280398190022,0.10288158804178238,0.04487372189760208,0.01110577117651701,-0.06772071123123169,-0.07503051310777664,-0.04440753534436226,-0.016002176329493523,0.06595676392316818,0.08346293121576309,0.08547240495681763,0.02780355140566826,0.06904029101133347,0.013485239818692207,0.04735404998064041,0.01831696182489395,0.03949926793575287,-0.038685113191604614,0.06143039092421532,-0.027917515486478806,0.012576397508382797,0.029988279566168785,0.0648365244269371,0.017497897148132324,-0.018631109967827797,0.03951191529631615,-0.09198924899101257,0.03048987314105034,-0.028730548918247223,-0.014549270272254944,0.0020651244558393955,-0.03104226104915142,0.04684324935078621,-0.0016912705032154918,-0.03425676375627518,-0.0032866261899471283,0.039671432226896286,-0.01815066859126091,-0.010449317283928394,0.0271376334130764,-0.036403145641088486,0.025050031021237373,0.09224718064069748,-0.03293455392122269,0.07550491392612457,0.0008282597991637886,0.05895905941724777,-0.012781370431184769,0.059360306710004807,0.05361296981573105,0.028828442096710205,0.0677865743637085,-0.046949271112680435,-0.056580234318971634,-0.011633936315774918,0.008190955966711044,-0.04294207692146301,-0.0334504097700119,-0.0029110326431691647,0.0284983292222023,-0.07558146119117737,0.04720500484108925,0.018712643533945084,-0.01843210682272911,0.012059035710990429,-0.026417721062898636,-0.004773988388478756,-0.02981654740869999,0.047244198620319366,0.029013456776738167,0.026319775730371475,0.03518810495734215,0.0536821112036705,0.006177713628858328,-0.04774942621588707,0.035300757735967636,0.05140713229775429,-0.001381313195452094,-0.030352644622325897,0.03937561810016632,0.013191202655434608,-0.007137728855013847,0.05841008573770523,0.02434687875211239,0.015105675905942917,0.0004049690323881805,0.004774126224219799,0.008920670486986637,0.0024679522030055523,0.0005326521350070834,0.03428344428539276,-0.00989512912929058,0.005015307106077671,0.0009660337818786502,-0.04612094536423683,0.002272625919431448,-0.0238108579069376,0.015479467809200287,-0.022323675453662872,0.04572007432579994,-0.09606274962425232,0.002078806981444359,0.03408157452940941,-0.13223205506801605,0.05956614762544632,0.03976685553789139,-0.02296731062233448,-0.019594388082623482,0.013575559481978416,0.008985093794763088,-0.013215056620538235,-0.005083709489554167,0.0434143953025341,-0.026339519768953323,0.03783237934112549,0.008755721151828766,-0.08243415504693985,-0.10361605882644653,0.021433986723423004,0.019904693588614464,0.02408556453883648,-0.03504140302538872,-0.01750963367521763,0.047364234924316406,0.01047833263874054,0.02076079696416855,-0.012267905287444592,0.019900919869542122,-0.030786069110035896,-0.020449530333280563,-0.050788767635822296,-0.06730024516582489,0.026288630440831184,0.0022790024522691965,-0.0053026569075882435,0.02160496450960636,-0.04697079956531525,-0.019397301599383354,0.02845604158937931,0.03862451761960983,0.026617858558893204,0.05897029861807823,-0.022863226011395454,-0.009726273827254772,0.009219292551279068,-0.027164647355675697,-0.05432078614830971,0.017269317060709,-0.012381196953356266,0.05251928046345711,0.033937543630599976,-0.06975223124027252,-0.0003519746533129364,-0.03747132793068886,0.02942565828561783,0.08859065175056458,-0.09012221544981003,0.01929544098675251,0.031988475471735,-0.03654264286160469,-0.03808733820915222,-0.010601969435811043,0.05360822007060051,0.023224925622344017,0.03508003056049347,0.02010691724717617,-0.03129478171467781,0.055869247764348984,-0.03844442218542099,0.03449233993887901,0.01719139888882637,-0.05222775787115097,-0.022183716297149658,0.013074307702481747,-0.07285522669553757,-0.01623407192528248,-0.021465584635734558,0.025903331115841866,-0.02898751199245453,-0.041216373443603516,0.013700805604457855,-0.014046666212379932,-0.008760671131312847,-0.06279665976762772,-0.02285359986126423,0.04219262674450874,-0.01505562849342823,-0.058789677917957306,-0.09361325204372406,-0.000879232189618051,-0.03421332687139511,-0.07262285053730011,-0.0011008173460140824,0.07516784965991974,0.08672995865345001,-0.004882431123405695,-0.023860953748226166,0.08119615912437439,0.014281322248280048,0.005872306879609823,0.01800333894789219,0.01993490941822529,-0.04772881045937538,-0.053482986986637115,0.002740462077781558,-0.05308958515524864,0.013370801694691181,0.05166495963931084,0.016305802389979362,-0.026992229744791985,-0.02110775001347065,0.050661034882068634,-0.0325828492641449,-0.13137270510196686,0.06897403299808502,0.007778979372233152,0.04308546334505081,0.032492730766534805,-0.016693666577339172,0.0931190773844719,0.05308883264660835,-0.025351466611027718,0.07813770323991776,0.0234358049929142,0.04284946992993355,-0.04666747897863388,-0.010203045792877674,0.0467488057911396,0.01488386932760477,-0.020874295383691788,-0.012349111959338188,-0.04801776632666588,-0.01782863959670067,0.0033344582188874483,-0.0012867695186287165,0.04086924344301224,-0.15900655090808868,-0.04143521934747696,-0.04184001311659813,-0.026657510548830032,-0.02709491364657879,0.008824678137898445,-0.055784668773412704,0.07109061628580093,0.003067765152081847,-0.11038492619991302,-0.053870152682065964,0.004803665913641453,-0.023620717227458954,0.005596448201686144,-0.06404176354408264,0.07247842848300934,-0.00503621157258749,0.0006777131929993629,0.035767167806625366,-0.017493588849902153,0.029968811199069023,-0.06407102942466736,0.002570168813690543,-0.0015466440236195922,0.0016397247090935707,-0.013453601859509945,0.025842444971203804,-0.008023194037377834,0.025747573003172874,-0.016595782712101936,0.08610434830188751,0.03237549588084221,0.05408240854740143,-0.13429568707942963,-0.03380322828888893,-0.07770189642906189,0.01598760299384594,0.007780184969305992,-0.03402133285999298,0.04121527820825577,0.01503999624401331,0.06578728556632996,0.08027821034193039,0.021083658561110497,0.05972635746002197,0.008524059318006039,-0.05967257171869278,0.04775255545973778,0.07012654095888138,0.08914510160684586,0.06484504789113998,0.028081923723220825,-0.010914389975368977,-0.09342347085475922,0.05090827867388725,-0.00250651384703815,-0.026203837245702744,0.05693620443344116,-0.03656361252069473,0.00009833853255258873,0.0034541948698461056,-0.022109318524599075,-0.10554087907075882,-0.07476131618022919,0.04689827561378479,0.01731589436531067,0.0856650248169899,-0.006731449160724878,-0.005837326869368553,-0.03269445151090622,0.023802978917956352,0.03018920123577118,-0.01752060279250145,0.01142280176281929,-0.02411562390625477,0.04663242772221565,0.05794450268149376,-0.014748291112482548,0.04218045249581337,-0.02309679053723812,0.04663296416401863,0.03645682707428932,-0.0399492047727108,0.017785510048270226,0.05473863705992699,-0.05561909079551697,-0.027879202738404274,-0.037318285554647446,0.029796821996569633,-0.02237285114824772,0.029866661876440048,0.009555425494909286,-0.0809643417596817,-0.009492363780736923,-0.040365155786275864,-0.03454066067934036,0.049707747995853424,0.023246347904205322,0.029667526483535767,0.023378999903798103,0.06282737851142883,-0.0028788954950869083,0.020235178992152214,0.0040482464246451855,0.007769323419779539,-0.045970357954502106,-0.00882213469594717,-0.010909241624176502,-0.04092058911919594,-0.03979811817407608,-0.011181926354765892,-0.03579100966453552,-0.0022981474176049232,0.06648177653551102,0.08283005654811859,0.04613298177719116,0.017813311889767647,0.022589126601815224,-0.010098402388393879,-0.051787830889225006,-0.08600053936243057,-0.018532879650592804,0.033467404544353485,0.014895721338689327,-0.01597529463469982,0.020650014281272888,-0.005147235002368689,0.020341290161013603,0.004399504978209734,0.0472373329102993,-0.03989027068018913,0.021375747397542,0.11177154630422592,-0.0457998551428318,0.05312354862689972,0.04633879289031029,0.033259280025959015,-0.014704395085573196,0.045337773859500885,0.047200266271829605,0.026532648131251335,-0.002161033684387803,0.02085486613214016,-0.01729467324912548,0.060698702931404114,0.019982190802693367,0.002253112616017461,0.02830556593835354,0.048380058258771896,-0.006434732116758823,0.03806893527507782,-0.03546682000160217,-0.02834625169634819,0.043664369732141495,0.08376269787549973,0.042876675724983215,-0.04193222522735596,0.05075117200613022,0.02400302328169346,-0.04734949767589569,0.0346401110291481,0.06564807891845703,0.05957280844449997,0.05605067312717438,0.03977346792817116,-0.005006132647395134,0.012756241485476494,-0.00891309417784214,-0.05284435674548149,-0.04527503624558449,-0.020001044496893883,0.042656026780605316,-0.011844836175441742,-0.04787653684616089,-0.010491619817912579,0.030986011028289795,-0.032463088631629944,0.0017958804965019226,-0.0553898885846138,-0.06323181092739105,0.015711450949311256,0.09000608325004578,0.04755000025033951,0.03647957742214203,0.03573550656437874,-0.0017660217126831412,0.02579398639500141]', '2026-03-30 08:35:18', 'up');
INSERT INTO `student_face_embeddings` (`id`, `student_id`, `face_embedding`, `created_at`, `face_position`) VALUES
(56, '23-00174', '[-0.08096180111169815,-0.019406873732805252,0.03587371110916138,0.019507119432091713,0.060406289994716644,0.015729283913969994,0.012308909557759762,-0.07059869170188904,-0.01483763288706541,-0.06420201063156128,0.09852760285139084,-0.01883026212453842,-0.01182666514068842,-0.015850070863962173,0.009486825205385685,0.04414716735482216,0.004136788193136454,-0.04776660352945328,0.025344988331198692,0.05041972175240517,0.040307629853487015,-0.02735248953104019,-0.0018257206538692117,-0.05450957268476486,0.06159258633852005,0.02716926671564579,-0.022279661148786545,-0.0741695687174797,0.04962097108364105,0.003708065254613757,0.018197279423475266,0.023030592128634453,0.04295122250914574,-0.03117905929684639,-0.04309879243373871,-0.11483961343765259,-0.015094117261469364,0.08946322649717331,0.02510800026357174,0.005374952685087919,0.04549761116504669,-0.03272441774606705,-0.04321115091443062,0.017764154821634293,0.04831300303339958,-0.00045938926632516086,-0.036591675132513046,0.017211267724633217,-0.0026483116671442986,0.052321333438158035,0.022564219310879707,-0.0918378010392189,-0.04995929077267647,0.04640662297606468,-0.020608315244317055,-0.07325361669063568,0.010443691164255142,-0.028936779126524925,0.025386538356542587,0.02000545524060726,-0.008480231277644634,-0.03865857422351837,0.04493587836623192,-0.01677878014743328,0.03490087389945984,0.060091812163591385,-0.059399910271167755,-0.05250699818134308,0.015884092077612877,-0.017930248752236366,0.009962731972336769,-0.03764110431075096,0.0784241333603859,-0.014395276084542274,0.03308409824967384,0.11019184440374374,-0.04425383359193802,0.06638893485069275,0.04037219658493996,0.04484136030077934,0.005859987810254097,-0.03731425106525421,0.050868332386016846,-0.030381569638848305,-0.008601932786405087,0.06317967921495438,-0.04894904047250748,0.027792170643806458,-0.0035429121926426888,-0.007197693921625614,0.13533493876457214,0.03571658581495285,0.030586794018745422,-0.03378200903534889,0.0006360983825288713,-0.10777567327022552,-0.04529016837477684,0.10043568164110184,0.09471721202135086,0.03970795497298241,0.012670925818383694,0.06016028672456741,0.0008225261699408293,0.04095163568854332,0.058315765112638474,0.014368885196745396,-0.02943621389567852,-0.0077137574553489685,-0.015445293858647346,0.06455253064632416,-0.01847776025533676,0.06403052806854248,0.03988954797387123,0.018881652504205704,0.015211540274322033,-0.09849477559328079,-0.031397465616464615,-0.017180947586894035,-0.026896188035607338,0.04440061002969742,-0.056513749063014984,-0.02727591060101986,0.04097938910126686,-0.02758694998919964,0.02816128171980381,0.014640826731920242,-0.008110679686069489,-0.04782858490943909,0.013017125427722931,-0.02252768725156784,0.08387536555528641,0.06495621800422668,-0.01704440638422966,0.07788529247045517,-0.028137220069766045,0.022858349606394768,0.00019724832964129746,0.05973614752292633,0.08614916354417801,0.03554306551814079,-0.018960218876600266,0.00349860405549407,-0.04712160676717758,0.043424442410469055,0.036763325333595276,0.00592412892729044,-0.012699234299361706,0.010561239905655384,0.018959123641252518,-0.11704055219888687,-0.03781712055206299,0.041357237845659256,-0.0011754111619666219,0.02193891815841198,-0.02957938052713871,-0.012025666423141956,-0.05343546345829964,0.006841777823865414,0.03924249857664108,0.03853404521942139,0.008962387219071388,0.023596568033099174,-0.04293150454759598,0.0049532209523022175,0.011428878642618656,0.044136445969343185,-0.04565912112593651,-0.04218687489628792,0.026577087119221687,-0.041422486305236816,-0.012079350650310516,0.056639671325683594,0.007877797819674015,0.018147917464375496,0.02540479227900505,-0.034013357013463974,-0.005835685878992081,-0.03646034374833107,-0.00784961599856615,-0.043338436633348465,-0.034308698028326035,-0.06238006800413132,0.041760146617889404,0.03303610160946846,0.007224664557725191,0.008519904688000679,-0.011289325542747974,-0.07367768883705139,0.0030457796528935432,-0.06758943945169449,0.02535904571413994,0.020303089171648026,-0.08287239819765091,0.03741012513637543,0.0006565733347088099,-0.07415757328271866,-0.06447962671518326,0.03611975908279419,0.05101305618882179,0.009486440569162369,0.00011664340127026662,0.013750789687037468,-0.08826387673616409,0.05161003768444061,0.03442191332578659,0.018844617530703545,-0.014145700260996819,0.023282866925001144,0.000005574102488026256,-0.03834162652492523,-0.047868359833955765,0.016546176746487617,0.0591532327234745,0.0074866837821900845,-0.062163159251213074,-0.026813533157110214,-0.00322085153311491,0.0027653283905237913,0.021473228931427002,-0.0023737074807286263,-0.06675773113965988,-0.025969279929995537,-0.015605112537741661,0.02555990219116211,0.015298805199563503,-0.015141932293772697,0.008976828306913376,0.020910268649458885,0.003850780427455902,-0.010670887306332588,-0.04699696600437164,-0.00304822507314384,0.0088009899482131,0.04880708083510399,-0.06741303205490112,-0.04308843985199928,0.0061757308430969715,-0.06158528849482536,0.07416365295648575,-0.007219864055514336,0.000659636571072042,0.031106382608413696,-0.03018016368150711,0.02519530989229679,0.10758014023303986,-0.007386083714663982,0.06482310593128204,0.012225340120494366,-0.06217145919799805,-0.061314865946769714,-0.022214824333786964,0.09145704656839371,0.020160011947155,-0.04513036087155342,-0.017870744690299034,-0.0172300823032856,0.0125635527074337,-0.03349914029240608,0.05258302018046379,0.029595229774713516,-0.06623467803001404,0.035135868936777115,-0.02142702415585518,-0.05456146225333214,0.036280881613492966,-0.0386580154299736,0.04278203845024109,-0.00860834401100874,-0.0006385295419022441,0.018570750951766968,0.0679171159863472,-0.03628349304199219,-0.008940139785408974,0.03331971913576126,0.015996143221855164,0.010932346805930138,-0.004861075431108475,-0.10312572121620178,-0.031233197078108788,0.035692378878593445,0.0032573447097092867,0.06748904287815094,0.0400964729487896,0.03950527682900429,0.027557125315070152,-0.0036766743287444115,0.09863900393247604,-0.030471961945295334,-0.03251126781105995,0.03838769346475601,0.005481323692947626,0.03691163659095764,-0.04807524010539055,0.03926299139857292,0.05364802107214928,0.059406355023384094,0.04580659419298172,0.006917513441294432,-0.021241910755634308,0.045170221477746964,0.003967140801250935,0.04254819452762604,-0.09111322462558746,0.01962699554860592,0.029791459441184998,0.011137418448925018,-0.030702324584126472,0.014886793680489063,0.03480054810643196,0.10409057885408401,-0.02755594439804554,0.05312221124768257,0.001718555111438036,0.010232318192720413,-0.030812326818704605,0.004781588912010193,0.04240652546286583,0.03073897585272789,-0.025388507172465324,-0.03803969547152519,0.039179716259241104,-0.06340060383081436,-0.009064211510121822,0.009187881834805012,0.0398363322019577,-0.13897041976451874,-0.02951861545443535,-0.0507027842104435,-0.017152633517980576,-0.015159291215240955,-0.0003194449527654797,-0.04558822140097618,0.018622443079948425,-0.0032192363869398832,-0.13583284616470337,-0.07809626311063766,-0.04073602333664894,0.014750700443983078,0.07375499606132507,-0.05599736049771309,-0.032670699059963226,-0.04786209389567375,-0.01815100386738777,0.010828079655766487,-0.0037509521935135126,0.0005521657294593751,-0.10031954199075699,0.003815320087596774,-0.04303032159805298,0.04558223858475685,0.0028543362859636545,0.02235340140759945,0.02050434984266758,0.03924605995416641,-0.03323827683925629,0.026796191930770874,0.030038688331842422,0.025117358192801476,-0.03286830335855484,0.008802412077784538,-0.03620240092277527,-0.04482461139559746,0.02246694453060627,-0.006696394179016352,0.04716711863875389,0.02023891732096672,0.045444879680871964,0.08656415343284607,-0.03071950189769268,0.04573323577642441,-0.012362700887024403,-0.05706067383289337,0.013471170328557491,0.08425869792699814,0.07446836680173874,0.07613319158554077,0.06108727678656578,-0.025875527411699295,-0.0582767054438591,0.029351400211453438,0.00167531194165349,-0.01837800070643425,0.007023175247013569,0.020007673650979996,-0.004863183479756117,0.08099251240491867,-0.01629023253917694,-0.05587022006511688,-0.12076063454151154,0.02347920835018158,-0.07419698685407639,0.0732862576842308,-0.018783947452902794,0.04132170230150223,-0.022040730342268944,0.06485898047685623,0.049709465354681015,-0.05832568556070328,0.0005340181523934007,-0.010869764722883701,-0.005543588660657406,-0.021159684285521507,0.027788741514086723,0.037204813212156296,-0.03881672024726868,0.003457697806879878,-0.025479799136519432,-0.04093628749251366,0.0488881915807724,0.053875669836997986,-0.031012892723083496,0.002465067198500037,0.00864229816943407,-0.043818399310112,-0.024458004161715508,0.009952888824045658,0.019358022138476372,-0.05600718408823013,-0.02780982106924057,0.004364931955933571,-0.0363289974629879,0.0285518616437912,0.031889528036117554,0.024703077971935272,-0.0023782122880220413,0.106411412358284,-0.07311373203992844,0.08490920811891556,0.01581779681146145,-0.01009183470159769,-0.028338322415947914,-0.06265360116958618,-0.05453962832689285,-0.04970238730311394,-0.06511244177818298,-0.05454031005501747,-0.013486597687005997,0.013322046026587486,0.05049357935786247,0.05837629735469818,0.041345588862895966,0.0037455216515809298,0.002406790852546692,-0.06888259947299957,-0.006176893133670092,-0.018609467893838882,-0.0061796545051038265,0.051368992775678635,0.030404582619667053,0.04842060059309006,-0.0016672128112986684,0.0025526031386107206,0.06080341339111328,0.026204237714409828,0.04275855794548988,-0.007702392991632223,-0.050867464393377304,0.06561356782913208,0.0020213949028402567,0.03947963938117027,0.04649471864104271,0.048252593725919724,0.0005179197760298848,-0.025466417893767357,0.0506565161049366,-0.02537759765982628,-0.057161565870046616,-0.04598285257816315,0.007378684356808662,-0.014355747029185295,0.07753191143274307,-0.022283021360635757,0.019166067242622375,0.006259031593799591,-0.01943000592291355,0.0668041855096817,0.004882270935922861,-0.05207894369959831,0.005467996932566166,0.08280137181282043,-0.029854288324713707,-0.0455397330224514,0.07277174293994904,-0.030878284946084023,-0.0205677580088377,0.03473732993006706,0.039975132793188095,0.01049879938364029,0.1127602756023407,-0.0004751049564220011,-0.06283105909824371,-0.028728291392326355,0.01609046198427677,0.0035642609000205994,-0.011934928596019745,-0.01514850277453661,-0.020785698667168617,0.02293250896036625,-0.0865563228726387,-0.023956630378961563,0.018970057368278503,-0.023293189704418182,0.04479188099503517,-0.022099807858467102,-0.048653800040483475,-0.003389362245798111,0.10866564512252808,0.06167154759168625,0.0012484267354011536,-0.019480865448713303,-0.08087512105703354,0.022390177473425865]', '2026-03-30 08:35:18', 'down'),
(57, '23-00298', '[0.014112518168985844,-0.0566343329846859,0.05632880702614784,0.02792232483625412,-0.0002782178344205022,-0.011845341883599758,-0.030984167009592056,-0.012494541704654694,-0.002487831749022007,-0.05058129504323006,-0.014876282773911953,0.04739031195640564,0.05182160809636116,0.013728816993534565,0.06991457939147949,-0.08066987246274948,0.07653381675481796,-0.0489039421081543,0.07153288275003433,0.013273445889353752,0.0042085410095751286,0.00982938427478075,-0.03754056617617607,0.015836691483855247,-0.045719124376773834,0.005324310157448053,-0.030672680586576462,-0.11061141639947891,0.03709445148706436,0.05457574129104614,0.04056220129132271,0.04366340860724449,0.007563193328678608,-0.029163938015699387,-0.04366050660610199,-0.03314515948295593,-0.028328588232398033,0.020162368193268776,0.04758723825216293,0.11245746165513992,-0.04622873663902283,0.026777692139148712,0.056201864033937454,0.019028525799512863,-0.00384075497277081,0.04850669577717781,-0.03895718604326248,0.03566918894648552,0.010768725536763668,0.01827574148774147,0.08395560085773468,0.023862415924668312,-0.03626875951886177,-0.04945560544729233,0.07956339418888092,-0.048680536448955536,-0.013194436207413673,0.019930727779865265,0.01731911674141884,-0.010251529514789581,0.02169887349009514,-0.00962591078132391,0.09287174046039581,0.019146136939525604,0.035407423973083496,-0.004014675505459309,-0.046640582382678986,0.029180048033595085,-0.035361289978027344,-0.06799159944057465,0.0057512507773935795,0.011621277779340744,0.04115278646349907,-0.01179038267582655,0.039038948714733124,0.028444329276680946,0.0303110983222723,-0.017833750694990158,0.06851007789373398,0.03240731358528137,-0.04888039454817772,0.07420522719621658,-0.012600315734744072,-0.0023407123517245054,-0.015604454092681408,0.05267539620399475,-0.01788768358528614,0.016528617590665817,0.011353792622685432,-0.03818347677588463,0.03173694759607315,0.0026223461609333754,0.06742856651544571,0.03045625239610672,-0.08156216889619827,-0.07402656972408295,-0.020757151767611504,0.04767008498311043,0.04683086648583412,0.10073471814393997,0.004507146310061216,0.004444901365786791,-0.03908573463559151,-0.04672393202781677,0.02024705708026886,0.04157031700015068,-0.009807405062019825,0.059857774525880814,0.009558764286339283,-0.00891953520476818,-0.009870623238384724,0.0597529299557209,0.03117266483604908,0.0587007962167263,-0.029535606503486633,-0.09359428286552429,-0.05276581645011902,0.04978993535041809,-0.04867733642458916,0.061117250472307205,-0.048413537442684174,0.018587039783596992,0.03328316658735275,0.00973290391266346,0.04320991039276123,0.014611192047595978,-0.05658763274550438,-0.029260868206620216,0.005699718836694956,-0.043099623173475266,0.038613177835941315,-0.010059143416583538,0.04959410801529884,0.13249075412750244,-0.06606511771678925,-0.05390095338225365,-0.042939744889736176,0.07488451153039932,0.07289937138557434,0.017003225162625313,0.028461575508117676,-0.005882632452994585,0.0018141663167625666,0.011753886006772518,-0.010334675200283527,-0.03325505927205086,0.006021000910550356,-0.00980123970657587,-0.11600983142852783,-0.12218590080738068,0.03192129731178284,0.06106720119714737,-0.028255369514226913,0.0038426409009844065,-0.026378635317087173,-0.051727045327425,0.008827703073620796,0.014443708583712578,-0.05195990577340126,0.08344046771526337,-0.047157227993011475,-0.01700904592871666,0.04840346798300743,0.027544813230633736,-0.023282920941710472,0.04331362619996071,-0.025477202609181404,-0.029652144759893417,0.028954511508345604,-0.012080902233719826,-0.03851896524429321,-0.00683372188359499,0.04307742416858673,0.06212886795401573,0.037035077810287476,-0.028106503188610077,0.03804502636194229,-0.07025490701198578,-0.045956797897815704,0.04501483216881752,0.0375312864780426,0.012764602899551392,0.1503584384918213,-0.03866308555006981,-0.0010300339199602604,-0.046822454780340195,-0.07531137764453888,-0.007000734563916922,-0.00021018818370066583,-0.033318303525447845,0.060189951211214066,-0.04144627973437309,-0.020679505541920662,0.0895591750741005,-0.005820650607347488,-0.01601816900074482,-0.0720168873667717,0.0019044106593355536,0.036810729652643204,-0.027180450037121773,-0.012849408201873302,0.027502145618200302,-0.06362937390804291,-0.08796311914920807,-0.02453038841485977,-0.043266765773296356,-0.04668990150094032,0.04592888057231903,0.10593880712985992,0.07622577995061874,-0.10132905095815659,0.01792353019118309,0.03878137469291687,-0.04766229912638664,-0.1325097233057022,0.008979073725640774,-0.0521126314997673,0.009224019013345242,-0.04793469235301018,-0.05100409314036369,0.0025664614513516426,0.017006993293762207,0.02586260251700878,0.021271193400025368,0.05403001606464386,0.0040305908769369125,0.015477817505598068,0.008227589540183544,-0.001077993307262659,0.010321429930627346,-0.015373759903013706,-0.054071374237537384,-0.013839143328368664,-0.00371320522390306,-0.0681731253862381,0.010753367096185684,-0.07885371148586273,-0.036892689764499664,-0.03849155083298683,-0.006057620979845524,-0.014052273705601692,0.03873363137245178,0.02128901518881321,0.02175203152000904,-0.007379207760095596,-0.031645871698856354,-0.07438966631889343,0.01991787739098072,-0.012252658605575562,-0.07567334175109863,0.035835567861795425,0.0690498873591423,0.05527171865105629,-0.012573136016726494,0.026632161810994148,-0.024755150079727173,0.012227890081703663,-0.035359762609004974,0.03106873668730259,-0.0422116182744503,-0.024082904681563377,0.024224648252129555,0.08635274320840836,-0.02120363712310791,-0.033320631831884384,-0.014713245443999767,0.03037959896028042,0.025476206094026566,0.0156913623213768,-0.02486238069832325,-0.03556135669350624,0.01855846494436264,-0.08313649147748947,-0.0002464641584083438,-0.04179632291197777,-0.003725897055119276,0.044764526188373566,-0.023802468553185463,-0.019998466596007347,-0.020541120320558548,0.06035841628909111,-0.02740602195262909,-0.04351538047194481,0.08107348531484604,0.05483754724264145,-0.0010431784903630614,0.00913254264742136,-0.06405714899301529,-0.0046439566649496555,0.05958510562777519,-0.004261943977326155,-0.026903288438916206,-0.022831136360764503,0.03135420009493828,-0.024772360920906067,-0.04306364431977272,-0.040903277695178986,-0.0020049945451319218,-0.01516067422926426,0.03917476534843445,0.03316190838813782,0.05000706762075424,-0.03647996112704277,0.013201316818594933,-0.05186379700899124,0.017870504409074783,-0.009629534557461739,0.014108843170106411,0.030634796246886253,0.0346565768122673,-0.05207940191030502,0.038138680160045624,-0.02722875401377678,-0.0006791394553147256,0.014721281826496124,0.04797561466693878,0.01818908378481865,0.02897181548178196,0.003490584436804056,-0.05202984809875488,0.04084661230444908,0.07135854661464691,-0.076453298330307,-0.03673122823238373,-0.013776239939033985,-0.08478580415248871,0.02371329255402088,-0.029319332912564278,-0.01086263358592987,0.058993175625801086,-0.02860124781727791,-0.04464089497923851,-0.06933261454105377,0.009322097525000572,-0.08201836794614792,-0.08122840523719788,0.055809807032346725,-0.004246162250638008,0.04055418819189072,-0.00687191030010581,0.060115378350019455,-0.016398517414927483,-0.01268337108194828,-0.012061234563589096,-0.04001632705330849,-0.016722235828638077,0.013860460370779037,-0.047987014055252075,0.0011216095881536603,-0.05577433481812477,0.04522550106048584,0.06661363691091537,0.001736556994728744,0.044271644204854965,-0.01660274527966976,-0.005074034444987774,0.056239500641822815,-0.04111985117197037,0.0025086509995162487,0.00719262333586812,0.015166276134550571,-0.0275590717792511,0.05958617851138115,0.003984086215496063,0.03311610221862793,-0.02932201325893402,0.055753469467163086,-0.021372273564338684,0.02520955353975296,0.01956760324537754,-0.0011549994815140963,-0.02454070933163166,-0.037160176783800125,0.028828764334321022,0.023138398304581642,0.030868109315633774,0.1075861006975174,-0.08336931467056274,-0.023561911657452583,0.004756249487400055,-0.06924299895763397,-0.041664231568574905,-0.09644167125225067,0.059819143265485764,-0.032354630529880524,0.06556408852338791,0.055907104164361954,-0.0669129490852356,-0.06910465657711029,-0.02909470535814762,-0.021491438150405884,0.03993943706154823,-0.058372680097818375,0.0848376452922821,-0.029628774151206017,0.10494160652160645,0.028950314968824387,0.09342952817678452,-0.024828029796481133,-0.04709555208683014,-0.05519118905067444,0.025185203179717064,0.0018777153454720974,-0.04081055521965027,-0.02073780633509159,0.09945574402809143,0.011263527907431126,0.020512429997324944,-0.004607575945556164,0.004635479301214218,-0.03506902605295181,0.00029987673042342067,0.02689085155725479,-0.07826614379882812,0.005562004167586565,-0.04831595718860626,0.014003679156303406,-0.02783055044710636,0.004935736767947674,0.0077609708532691,0.03956418111920357,-0.045597564429044724,0.00033231708221137524,-0.021524807438254356,0.021514590829610825,-0.012291176244616508,0.0037990431301295757,-0.015395103953778744,0.026747042313218117,0.014178854413330555,0.017959780991077423,-0.09135925769805908,-0.028424249961972237,0.029413757845759392,-0.013659035786986351,0.03713482990860939,-0.0021651817951351404,-0.027429722249507904,0.003077214118093252,-0.07010213285684586,-0.008633170276880264,0.002820247085765004,-0.039516955614089966,-0.05402069538831711,0.030960451811552048,0.007890184409916401,-0.039651960134506226,-0.018247436732053757,0.024228962138295174,-0.04741949215531349,0.020854402333498,-0.009646229445934296,-0.04482153430581093,0.02433137781918049,-0.009130680933594704,0.09901819378137589,-0.09834319353103638,0.0046194735914468765,0.01012295763939619,0.06723335385322571,-0.0017939083045348525,-0.02072686329483986,-0.013720438815653324,0.015144500881433487,-0.008483010344207287,-0.001996384235098958,-0.016063928604125977,0.04307575151324272,0.013527179136872292,-0.03703083097934723,-0.03700141981244087,0.07813204824924469,0.037069644778966904,0.006480028852820396,-0.028436480090022087,-0.010943510569632053,-0.04032668098807335,-0.023746345192193985,-0.006759308278560638,0.04619154706597328,-0.0015347519656643271,-0.008942140266299248,0.006828612647950649,0.010391301475465298,0.07239928841590881,0.09655517339706421,-0.054116129875183105,-0.053821828216314316,0.0018373291241005063,-0.008226484060287476,0.012797722592949867,-0.002622658619657159,-0.01858295127749443,0.009026038460433483,-0.009900382719933987,-0.03810810297727585,0.11918285489082336,-0.06844715029001236,-0.011375956237316132,0.027591921389102936,-0.007902724668383598,0.012645173817873001,0.05715874582529068,-0.010134434327483177,-0.006291827652603388,-0.05991882458329201,0.0857098177075386,0.04731060191988945,-0.08936569839715958,0.00769041059538722,-0.039569854736328125,-0.03793094679713249]', '2026-03-30 08:40:36', 'center'),
(58, '23-00298', '[0.027931401506066322,-0.06711822748184204,0.038797710090875626,0.02682768553495407,-0.026890231296420097,-0.025871777907013893,0.017997073009610176,-0.016104409471154213,-0.014069254510104656,-0.06655088812112808,-0.05292273685336113,0.0339878648519516,0.020178934559226036,-0.01533505693078041,0.009506627917289734,-0.05177205428481102,0.058951377868652344,-0.06487864255905151,0.074104905128479,0.005770398769527674,0.04149078205227852,0.006039088126271963,-0.06231987103819847,0.0005516713135875762,-0.0021724014077335596,-0.03197913616895676,0.029268596321344376,-0.033852290362119675,0.041958775371313095,-0.004353231284767389,0.015494470484554768,0.049275003373622894,0.02924874983727932,-0.022869819775223732,-0.026005757972598076,-0.051045533269643784,-0.014209132641553879,0.033697884529829025,0.01761326752603054,0.11246518790721893,-0.0391869954764843,0.035444144159555435,0.03511076420545578,0.03960580751299858,-0.01425905805081129,0.02180515043437481,-0.05327647179365158,0.07016944885253906,0.016998669132590294,0.07180579751729965,0.10017519444227219,0.028250493109226227,-0.03183331340551376,-0.04233618825674057,0.029414456337690353,-0.07493405044078827,0.02508731372654438,0.06277899444103241,0.006070445757359266,-0.003438491839915514,-0.02580767311155796,0.04100755602121353,0.03722415491938591,0.023654799908399582,0.018252288922667503,0.019787058234214783,0.03030349873006344,-0.008594786748290062,-0.017887599766254425,-0.0468251071870327,0.017263159155845642,-0.021139824762940407,0.013971834443509579,0.0025968311820179224,0.0687214657664299,0.0776396319270134,0.013743842020630836,-0.0978613793849945,0.04896221682429314,0.05995918810367584,-0.03176061809062958,0.12433286011219025,-0.005033254157751799,0.025557924062013626,0.009427335113286972,0.09979631006717682,0.027350908145308495,0.03316774591803551,0.01247164886444807,0.020753197371959686,0.06843695789575577,-0.0008757306495681405,0.001108817057684064,0.07302308827638626,-0.1071966290473938,-0.028771674260497093,-0.016987664625048637,0.0003300010575912893,-0.008892187848687172,0.0065164449624717236,0.0032911901362240314,0.010656830854713917,-0.005699410103261471,-0.016527114436030388,0.003704214934259653,-0.015600244514644146,0.007056316826492548,0.0137815335765481,0.005787917412817478,-0.04028509929776192,0.045957405120134354,0.0537538044154644,0.039476536214351654,0.06418364495038986,-0.07568375021219254,-0.06691943854093552,-0.01731165125966072,0.01741495542228222,-0.06279457360506058,0.041444581001996994,-0.029404349625110626,0.006081044673919678,0.035595670342445374,-0.06072558835148811,0.055673763155937195,-0.015157058835029602,-0.025786995887756348,-0.05854125693440437,-0.034866124391555786,-0.034923285245895386,0.006756806280463934,0.004938448313623667,0.08637645840644836,0.0354398712515831,-0.0014898579102009535,-0.07693085819482803,0.016578637063503265,0.07141843438148499,0.09928769618272781,0.07662688940763474,0.06357626616954803,-0.011844819411635399,0.05557917058467865,-0.012090646661818027,-0.06767569482326508,-0.0013247489696368575,0.03893040120601654,0.015280108898878098,-0.07920827716588974,-0.08781500905752182,0.041172437369823456,0.004116046708077192,-0.024750351905822754,0.03376137465238571,-0.022537294775247574,-0.026959283277392387,0.01627926155924797,0.029394205659627914,-0.003932339139282703,0.06475929170846939,-0.036529917269945145,0.008930286392569542,0.08708786219358444,0.026024406775832176,0.030051376670598984,0.09585645794868469,-0.04943184554576874,-0.009249952621757984,0.07929122447967529,0.03064882755279541,-0.049814146012067795,0.03191499784588814,-0.020494544878602028,0.09172255545854568,-0.007913344539701939,0.0018137326696887612,0.029533986002206802,-0.0028211171738803387,-0.03187507763504982,0.0388684943318367,0.021285708993673325,-0.001836890820413828,0.07716789841651917,-0.09165387600660324,0.0024762998800724745,-0.007955559529364109,-0.06257382780313492,-0.04225806146860123,-0.02992330491542816,0.009106757119297981,0.03161868080496788,-0.03709966689348221,-0.038371019065380096,0.01967920921742916,0.01330200769007206,0.029610343277454376,-0.03851202502846718,-0.010352441109716892,0.06875371187925339,0.0031128849368542433,-0.03924838826060295,-0.042130328714847565,-0.024198442697525024,-0.052311114966869354,-0.014749972149729729,-0.026988696306943893,-0.0010895294835790992,0.007473606150597334,0.09419950842857361,0.09282738715410233,-0.049437642097473145,-0.033509548753499985,0.0020224330946803093,-0.0505441315472126,-0.10980283468961716,-0.04667091369628906,-0.041854310780763626,-0.025365721434354782,-0.023853376507759094,-0.0004448060935828835,0.05946590378880501,0.0286695659160614,0.015697801485657692,-0.0374712310731411,0.010100629180669785,-0.07256916165351868,0.026145804673433304,-0.021687954664230347,0.0416475310921669,-0.023276250809431076,0.04225083813071251,-0.05245282128453255,0.02406802773475647,-0.002177826128900051,-0.06273259222507477,0.0188492052257061,0.01035329420119524,-0.06336630135774612,-0.07869872450828552,-0.01945267803966999,-0.047655705362558365,0.07350160926580429,0.048121556639671326,0.010704168118536472,-0.019322514533996582,0.023766927421092987,-0.020993202924728394,0.03022555448114872,-0.02796434797346592,-0.028240898624062538,-0.016930369660258293,0.0028864629566669464,0.06113145127892494,-0.03392641618847847,0.010240228846669197,-0.0492810383439064,0.031634148210287094,-0.04560958221554756,0.03318655863404274,-0.07053160667419434,0.0017485860735177994,0.03805669769644737,0.07071327418088913,-0.019885463640093803,0.007792349439114332,-0.024124950170516968,0.0010501871583983302,0.035478271543979645,0.04263994097709656,-0.04092184826731682,-0.0521339550614357,0.0065059843473136425,-0.10393189638853073,-0.014344614930450916,-0.015002177096903324,-0.025099733844399452,0.0726870447397232,0.016528258100152016,-0.012509550899267197,-0.006948269437998533,0.07266531884670258,-0.0037878600414842367,0.005980450659990311,0.05408954620361328,0.06908070296049118,-0.020874641835689545,0.013374569825828075,-0.02295469120144844,-0.024538712576031685,0.0554996132850647,0.01523607037961483,-0.028850620612502098,-0.02990947850048542,0.04928838089108467,-0.0403149239718914,-0.01866312511265278,0.05287722498178482,-0.003459926461800933,-0.03876914083957672,-0.007558734621852636,0.09698650985956192,0.027157753705978394,-0.019367724657058716,-0.022932268679142,-0.02598264440894127,0.022461872547864914,-0.004190089181065559,0.058664582669734955,0.03551642224192619,-0.024148765951395035,-0.021826816722750664,0.07932665199041367,-0.0025216802023351192,0.05637523531913757,-0.0009183883084915578,-0.00029171325149945915,0.03633061423897743,0.004204259254038334,-0.02933156117796898,0.013806895352900028,-0.017246680334210396,0.0011044451966881752,0.01616431213915348,-0.02083566226065159,-0.017145469784736633,-0.07313401997089386,0.0223260298371315,0.009980212897062302,0.010591265745460987,0.07252310961484909,-0.02349090203642845,-0.05629872530698776,-0.036746613681316376,0.02389007806777954,-0.062139999121427536,-0.026084013283252716,0.024220304563641548,-0.03422999009490013,0.009617932140827179,0.028147686272859573,0.027769440785050392,-0.017593994736671448,-0.015368242748081684,-0.010600904934108257,0.00039751463918946683,0.008993985131382942,-0.025529883801937103,0.009767604991793633,-0.012003501877188683,-0.07808654755353928,0.007215403951704502,0.07967305183410645,0.06371773779392242,0.032804813235998154,0.016153858974575996,0.02709076926112175,0.02932632528245449,-0.02380416728556156,-0.059869010001420975,0.012544149532914162,-0.03971792012453079,-0.023762397468090057,0.03319815546274185,0.03674367815256119,0.07956238090991974,-0.06436944752931595,0.05886653810739517,-0.10538269579410553,0.03708043694496155,-0.012627648189663887,0.025512786582112312,0.000935509568080306,-0.021324725821614265,0.0011619380675256252,-0.0484645813703537,0.046058688312768936,0.0805475041270256,-0.05782938748598099,0.004484597593545914,0.00846700556576252,-0.0402754507958889,-0.046245381236076355,-0.07467062026262283,0.01955130696296692,0.018774380907416344,0.10181219130754471,0.05499151721596718,-0.10539104044437408,-0.0406767874956131,-0.020296940580010414,-0.061787497252225876,0.049462370574474335,-0.01992957480251789,0.11253482103347778,-0.04848404601216316,0.04191552475094795,0.03442752733826637,0.10220717638731003,0.031050747260451317,-0.09549908339977264,-0.05023576691746712,-0.013989300467073917,-0.017864368855953217,-0.02026655152440071,-0.06999791413545609,0.08130590617656708,0.0002947621396742761,-0.035315804183483124,-0.10708136856555939,0.004490391816943884,-0.031051302328705788,0.037106189876794815,0.062984399497509,-0.08850358426570892,0.05041570961475372,-0.028226016089320183,0.0160848218947649,-0.010850124061107635,-0.004919086582958698,0.023184696212410927,0.007862347178161144,-0.008460202254354954,-0.024924689903855324,0.02218051441013813,0.014749869704246521,-0.0028293204959481955,-0.0066947974264621735,-0.07599958032369614,0.039920490235090256,-0.01996270939707756,0.02562696672976017,-0.055044401437044144,0.056971654295921326,0.014972446486353874,0.05523524433374405,0.0005863089463673532,-0.000314455886837095,-0.08785741776227951,0.05317949876189232,-0.054299719631671906,0.05964432284235954,-0.04667656868696213,-0.027803974226117134,-0.05599101632833481,0.018883971497416496,-0.023471705615520477,0.000535248895175755,-0.06046859547495842,0.026632260531187057,0.06376136094331741,0.02505670301616192,-0.043745510280132294,-0.01853707991540432,0.03632194921374321,0.003021883312612772,0.09414353221654892,-0.0907503142952919,0.0030753850005567074,-0.03925396502017975,0.0495334267616272,0.032045960426330566,0.005062492098659277,-0.0013492520665749907,0.033986661583185196,-0.0325278602540493,0.02328462153673172,-0.025660067796707153,0.021293053403496742,0.02337576076388359,0.010848852805793285,-0.012279566377401352,0.06737451255321503,0.03136005997657776,-0.020564481616020203,-0.06653030961751938,-0.08013761043548584,-0.029363611713051796,-0.0032069787848740816,0.022865353152155876,0.08753721415996552,0.002699674107134342,0.009086020290851593,-0.023290429264307022,0.0034289094619452953,0.034443870186805725,0.0604204386472702,-0.051014527678489685,-0.003118518041446805,0.002527883043512702,0.05940640717744827,0.06893544644117355,-0.004313434939831495,-0.031557973474264145,-0.0037538388278335333,-0.012403735890984535,0.05828673765063286,0.0996805801987648,-0.07884872704744339,-0.018920131027698517,0.014969523064792156,-0.08661404252052307,-0.009013124741613865,0.04050784930586815,-0.0034982413053512573,-0.04717157781124115,-0.050454217940568924,0.035852912813425064,0.008315295912325382,-0.0875861644744873,0.03421982377767563,-0.019116096198558807,0.02199544571340084]', '2026-03-30 08:40:36', 'left'),
(59, '23-00298', '[-0.030157752335071564,-0.03682974353432655,0.031645435839891434,0.005107242148369551,-0.04842783138155937,-0.019361987709999084,-0.0016967931296676397,-0.0017547886818647385,0.013961589895188808,-0.10783082991838455,-0.07290828973054886,0.0077768368646502495,0.0342135950922966,0.01846717670559883,0.0693269819021225,-0.09396155178546906,0.0662643313407898,-0.03759237378835678,0.0755097046494484,0.05715896189212799,-0.006843433249741793,0.034762751311063766,-0.05626124516129494,0.00674037728458643,0.007327341474592686,0.014180167578160763,0.008290841244161129,-0.06475403159856796,0.049753233790397644,0.02428298443555832,0.02823900617659092,0.04363056644797325,-0.03930037468671799,0.039283547550439835,-0.011478534899652004,-0.052225109189748764,-0.0344240702688694,0.008992479182779789,0.04093889147043228,0.05866222828626633,-0.05792801082134247,0.029748402535915375,0.024975663051009178,0.05732797458767891,0.008364169858396053,0.07028070837259293,-0.043604373931884766,0.03741418570280075,-0.002938723424449563,0.03772973269224167,0.08233343809843063,0.05522929131984711,-0.04870380461215973,-0.05714040249586105,0.06092999503016472,-0.004026142414659262,0.07165965437889099,0.009977803565561771,-0.015453669242560863,-0.07520192116498947,-0.008383451029658318,-0.02424061857163906,0.07448414713144302,0.007881454192101955,-0.008624200709164143,-0.009756619110703468,-0.012386830523610115,-0.019223986193537712,-0.07270155847072601,0.001724186004139483,0.08229697495698929,-0.05067691579461098,0.06708048284053802,0.00042943848529830575,0.06758791208267212,-0.003416702849790454,0.03847448155283928,-0.05968639254570007,-0.03642997890710831,0.07335247844457626,-0.00012626720126718283,0.04668886587023735,-0.007332698442041874,0.031123852357268333,0.02941516786813736,0.09444939345121384,0.023935267701745033,0.033736273646354675,0.008989875204861164,-0.04050877317786217,0.0647745430469513,0.019329078495502472,0.00592039292678237,0.05663111060857773,-0.03824640437960625,-0.05850115790963173,-0.04817023500800133,-0.0029395543970167637,0.018893998116254807,0.03827298805117607,-0.02441493049263954,-0.020293748006224632,-0.021849164739251137,-0.0457509309053421,0.04473956301808357,0.03001738153398037,-0.003431308316066861,0.005029947031289339,0.00305516691878438,-0.021957190707325935,0.0013961353106424212,0.03768390417098999,0.03125397861003876,0.019427724182605743,-0.04756889492273331,-0.04299231246113777,-0.043915312737226486,0.038838282227516174,-0.06079826503992081,-0.05011836439371109,0.009810571558773518,-0.03637133911252022,0.06447628140449524,-0.01270213071256876,0.04650192707777023,0.013016119599342346,-0.048327554017305374,-0.09198177605867386,0.02431546337902546,-0.010726436041295528,-0.04019836708903313,-0.006569643970578909,0.0518907830119133,0.021223431453108788,0.019500408321619034,-0.03979518264532089,-0.01297680102288723,0.062596395611763,0.05431937426328659,0.0514519065618515,0.003979648929089308,-0.008712944574654102,-0.010208643972873688,0.03412723168730736,-0.00006168820982566103,0.02208086848258972,0.011243770830333233,0.025485645979642868,-0.05149747058749199,-0.1034497395157814,0.04396025836467743,-0.002664462197571993,-0.0004256846150383353,0.04007469862699509,0.04242197424173355,0.0017637403216212988,0.0008117416873574257,0.03226039931178093,-0.023593345656991005,0.04950861260294914,-0.0018749175360426307,0.037970006465911865,0.07818516343832016,0.027568234130740166,0.011939942836761475,0.03823066130280495,-0.007309396751224995,-0.06345042586326599,0.03739704191684723,-0.01085850689560175,-0.02111097425222397,0.024401966482400894,0.028080115094780922,0.015900781378149986,0.0034186963457614183,0.011548963375389576,0.08409996330738068,-0.06186453253030777,-0.031146148219704628,-0.03338303416967392,0.02470063976943493,0.0322829931974411,0.12611590325832367,-0.09213731437921524,0.028624804690480232,-0.029761962592601776,-0.016757551580667496,-0.025620082393288612,-0.007843542844057083,-0.09770292043685913,0.010877057909965515,-0.05940283089876175,-0.06770297139883041,0.07945379614830017,0.039867203682661057,-0.042547039687633514,-0.02536802552640438,0.0005685613141395152,0.012281522154808044,-0.025880321860313416,-0.03231213614344597,-0.013825050555169582,-0.06959521770477295,-0.06459102779626846,-0.07792196422815323,-0.01367861032485962,0.021322982385754585,-0.03674506023526192,0.03998124226927757,0.0898299366235733,-0.10700762271881104,-0.03259110823273659,0.03364881873130798,-0.008488786406815052,-0.1880493313074112,-0.0025490745902061462,-0.048871658742427826,0.03385952115058899,-0.05546538531780243,-0.0005080956034362316,0.007466091308742762,0.00048130692448467016,0.055261366069316864,-0.03969376161694527,0.050397682934999466,-0.04320866987109184,0.1033172458410263,-0.04899967089295387,0.026413563638925552,0.002048731781542301,0.06222989782691002,-0.04170173406600952,-0.013616257347166538,-0.012799580581486225,-0.03933338820934296,0.004223438911139965,0.03140860050916672,0.03232967481017113,-0.051619093865156174,-0.07298026233911514,0.005751209333539009,0.12438744306564331,0.0005473534110933542,0.005029692780226469,-0.009970500133931637,-0.0016403382178395987,-0.015189774334430695,0.036635447293519974,-0.0009307547006756067,-0.04584483057260513,0.009302711114287376,0.04420778527855873,0.019842026755213737,0.006425004452466965,-0.002106627682223916,-0.04635437950491905,0.021289551630616188,-0.018124895170331,0.02500884048640728,-0.017850644886493683,-0.0055207922123372555,-0.01324641052633524,0.05824951082468033,-0.05225123092532158,0.013692445121705532,-0.015879379585385323,0.0017119405092671514,0.025771096348762512,0.08630674332380295,-0.018951935693621635,-0.045225754380226135,0.03442993387579918,-0.0473736897110939,-0.013228505849838257,0.004601225256919861,-0.06507885456085205,0.013142364099621773,0.010279095731675625,-0.07522153109312057,0.0092087397351861,0.026892345398664474,-0.038062646985054016,-0.03715898469090462,0.06431461870670319,0.006768382154405117,-0.05260807275772095,0.036292221397161484,0.02327732928097248,-0.0035195511300116777,0.01136709563434124,-0.016284365206956863,-0.025515634566545486,-0.029178282245993614,0.03778881952166557,0.02898601070046425,-0.01607483997941017,0.02373293600976467,0.06613583117723465,-0.05344187468290329,0.011599456891417503,0.030970502644777298,0.08029475063085556,-0.08627909421920776,-0.026492536067962646,-0.007115573156625032,-0.0158495232462883,0.015159483067691326,0.026823176071047783,-0.0006981943151913583,0.023602284491062164,-0.0969037339091301,0.000787890050560236,-0.00531640974804759,-0.031123967841267586,-0.03285444527864456,0.05284472927451134,0.01890372484922409,0.0027452714275568724,-0.035252928733825684,-0.04949689283967018,0.004147453233599663,0.03900768607854843,-0.0030172907281666994,-0.06221390888094902,-0.0015395897207781672,-0.04759399592876434,0.01278954278677702,0.006365351378917694,0.05151231586933136,0.017478732392191887,-0.001117471489124,0.01612691581249237,-0.022837642580270767,-0.02019883692264557,-0.026050640270113945,0.015882883220911026,0.050543058663606644,-0.06797172874212265,0.009588206186890602,-0.039070043712854385,0.03414670005440712,-0.031923357397317886,0.023412229493260384,0.014268768019974232,-0.009224566631019115,0.007233673240989447,-0.000090055211330764,-0.008987070992588997,0.005284145940095186,-0.09481370449066162,-0.04073958471417427,0.004029611591249704,0.015441274270415306,-0.012276602908968925,-0.013929411768913269,-0.006864458322525024,0.03206677362322807,0.017399439588189125,0.028301948681473732,-0.08923200517892838,-0.06085507199168205,-0.025326991453766823,0.06579768657684326,0.058134306222200394,0.04103900492191315,-0.05139489844441414,-0.006264360621571541,-0.06252928823232651,0.03867833688855171,-0.016211217269301414,-0.019020579755306244,-0.0019288597395643592,-0.0408259741961956,0.020405637100338936,-0.0065434942953288555,0.01013639010488987,0.11726201325654984,-0.07845720648765564,0.0022999111097306013,0.00439451402053237,-0.13014604151248932,-0.021392052993178368,-0.07584596425294876,0.01880289800465107,-0.0027430267073214054,0.13369208574295044,0.03437003865838051,-0.06882516294717789,-0.03335142508149147,-0.04883084446191788,-0.04458712413907051,0.03642895072698593,0.024273784831166267,0.07966326177120209,-0.012933396734297276,0.021429501473903656,0.042772214859724045,0.03102658875286579,0.023647218942642212,-0.059362199157476425,-0.03252207115292549,-0.048663631081581116,0.0019229394383728504,-0.028877094388008118,-0.018948370590806007,0.07017645984888077,0.005445918999612331,-0.008718528784811497,-0.027839412912726402,-0.027089113369584084,0.002811818616464734,0.05384837090969086,0.06811799854040146,-0.08139441162347794,0.014266110956668854,-0.023043302819132805,-0.02483336813747883,-0.05533313378691673,0.005933488719165325,-0.043845415115356445,-0.0475568063557148,-0.046378228813409805,-0.00762255908921361,0.014637707732617855,0.024861712008714676,0.04098420590162277,0.025303645059466362,-0.023611638695001602,-0.04183155670762062,0.01912904717028141,0.0011890848400071263,-0.08778037130832672,0.06298790127038956,0.0032936071511358023,0.06070509925484657,-0.016985582187771797,0.014881248585879803,-0.0644538402557373,0.03989250957965851,-0.08775784075260162,-0.01856803335249424,-0.07275563478469849,-0.06121143326163292,-0.057193927466869354,0.057063132524490356,-0.03962898626923561,-0.03942139819264412,-0.05072755739092827,-0.02217232994735241,0.07093068957328796,0.03835603967308998,-0.03398801013827324,-0.005063675343990326,0.06838823854923248,0.019572822377085686,0.07547052204608917,-0.058092448860406876,0.04045509919524193,-0.01431870087981224,0.0071109384298324585,0.05213891342282295,-0.008939401246607304,-0.014623377472162247,0.037953197956085205,-0.0311021376401186,0.017657727003097534,-0.016034303233027458,0.025124158710241318,-0.042559731751680374,0.01361865270882845,-0.0054154172539711,0.13915756344795227,0.0306471548974514,0.05956512689590454,-0.028239376842975616,0.003383501898497343,-0.009057199582457542,0.05388180911540985,0.024949943646788597,0.07328750193119049,0.03889748081564903,0.04384569078683853,-0.07055296748876572,0.019975963979959488,0.002031052717939019,-0.0013738761190325022,-0.04631717875599861,-0.03699322044849396,0.05556262284517288,0.05220784619450569,0.02924090065062046,0.011639479547739029,-0.005567071493715048,-0.04221947118639946,-0.03933097794651985,0.02851736918091774,0.04839751496911049,-0.07416384667158127,-0.023606348782777786,-0.019575659185647964,-0.04871317744255066,-0.08671855181455612,0.05739009007811546,0.004638586658984423,0.005478407256305218,-0.04475334286689758,0.0676310807466507,0.01868441514670849,-0.03954063728451729,0.023713594302535057,-0.07725875824689865,-0.04350774362683296]', '2026-03-30 08:40:36', 'right');
INSERT INTO `student_face_embeddings` (`id`, `student_id`, `face_embedding`, `created_at`, `face_position`) VALUES
(60, '23-00298', '[-0.0035395235754549503,-0.08670385926961899,0.05983007326722145,-0.024403952062129974,0.034196410328149796,0.04394013434648514,0.012615128420293331,-0.05578305572271347,-0.0020397265907377005,-0.027723362669348717,-0.05497268587350845,0.05828258395195007,0.0014856592752039433,-0.0335015170276165,0.04592234641313553,-0.027808770537376404,0.1130717545747757,-0.06768986582756042,0.10481398552656174,0.020872050896286964,0.033863794058561325,0.00015484650793951005,0.011453528888523579,0.012540942057967186,-0.023429449647665024,-0.049209363758563995,-0.0014103493886068463,-0.06510106474161148,0.018953438848257065,0.03829440474510193,0.038437578827142715,0.030016295611858368,0.06343988329172134,-0.042419224977493286,-0.03428685665130615,-0.05193478986620903,-0.047224048525094986,0.034321852028369904,-0.012645975686609745,0.0849577784538269,-0.05934911593794823,0.019063692539930344,0.01710917055606842,-0.03408229351043701,-0.030533593147993088,0.029026679694652557,-0.03735969215631485,0.01127670705318451,-0.009363334625959396,0.052785180509090424,0.1107354462146759,-0.03030596300959587,0.0006925240741111338,-0.029903298243880272,0.05943026393651962,-0.02371426299214363,0.03150231018662453,-0.0006185835809446871,0.019540250301361084,-0.039883531630039215,0.02934008650481701,0.02042428031563759,0.06807630509138107,0.037301190197467804,0.03836433216929436,0.057878222316503525,-0.015852883458137512,-0.03413394093513489,-0.022840872406959534,-0.01900436170399189,0.01751774735748768,-0.0275335144251585,0.005871288012713194,0.003320668824017048,0.12170648574829102,0.02733679674565792,-0.007706054486334324,-0.06946760416030884,0.016826482489705086,0.02146424539387226,0.01744435541331768,0.060180481523275375,0.02478838339447975,0.06494517624378204,-0.003514929674565792,0.06895273178815842,0.025321252644062042,-0.0010408485541120172,-0.03138520196080208,-0.020717959851026535,0.09209465980529785,0.011076005175709724,0.07780998200178146,0.044712670147418976,-0.10984314978122711,-0.06852733343839645,-0.01589100807905197,0.08530779182910919,0.026905283331871033,0.06396695971488953,0.04324512556195259,0.011887087486684322,-0.046768274158239365,-0.00007940470095491037,-0.009944700635969639,0.012436483055353165,-0.06170270964503288,0.06553521007299423,0.00834431778639555,-0.028656886890530586,0.016949396580457687,0.08612669259309769,0.028943194076418877,0.035196155309677124,0.021207844838500023,-0.0648396760225296,0.02258327789604664,0.02219375967979431,-0.07750304043292999,0.0035753764677792788,-0.02210260182619095,0.009138531982898712,0.02754640020430088,-0.03650733083486557,0.05727660283446312,0.01183226890861988,-0.04020364210009575,-0.05607127025723457,0.021162720397114754,-0.03659287095069885,0.026540685445070267,-0.022968344390392303,0.07629527151584625,0.05360572412610054,-0.029022181406617165,-0.06598608940839767,0.0023579641710966825,0.14916449785232544,0.06315187364816666,0.03957856073975563,0.02434414252638817,-0.016542736440896988,0.023352712392807007,0.0421738363802433,-0.020298311486840248,-0.009945472702383995,-0.010063706897199154,-0.007730877958238125,-0.07124778628349304,-0.0934455469250679,0.05392741039395332,0.019928988069295883,-0.06150345504283905,-0.005400029011070728,-0.005489742383360863,-0.03098749928176403,-0.02426072582602501,-0.006787448190152645,-0.05723294988274574,0.03490915149450302,-0.011278867721557617,0.036424726247787476,0.090777687728405,0.021316107362508774,-0.014026260934770107,0.05415298417210579,-0.028376834467053413,-0.022840507328510284,0.03595203906297684,0.040107183158397675,-0.09805522859096527,-0.04088369756937027,0.0188670065253973,0.07840625196695328,-0.0045092408545315266,-0.004364756401628256,0.05598201975226402,0.007729345932602882,-0.012574215419590473,0.040447574108839035,0.0011982161086052656,0.04356561601161957,0.07699701189994812,-0.06629154831171036,-0.03344791382551193,-0.004252112936228514,-0.0770874097943306,-0.031069228425621986,-0.06289321184158325,0.009674066677689552,0.04130714014172554,0.0018718544160947204,-0.018608061596751213,0.02893798239529133,0.0033392554614692926,0.055292800068855286,-0.10830393433570862,0.0028963442891836166,0.0005932798958383501,0.010968627408146858,-0.049186822026968,-0.029154181480407715,-0.044265542179346085,-0.048360854387283325,0.01020773220807314,0.01556920912116766,-0.032620422542095184,-0.002743541495874524,0.11050845682621002,0.06443898379802704,-0.06002476066350937,0.011811439879238605,0.00886727124452591,-0.033341627568006516,-0.09694790840148926,-0.0022421113681048155,-0.020607316866517067,-0.0003718804509844631,-0.05357282608747482,0.034447070211172104,0.04943732172250748,0.021274780854582787,0.006761495023965836,-0.006515874527394772,0.02031547762453556,-0.027660589665174484,0.04477999731898308,-0.04264230281114578,0.05473019927740097,-0.0021455397363752127,-0.010723662562668324,-0.09077682346105576,-0.002066607354208827,0.026991309598088264,-0.08236685395240784,0.06293101608753204,-0.015872033312916756,-0.04383036121726036,-0.03763028606772423,-0.029721969738602638,0.0031736891251057386,0.04102972522377968,0.00047994000487960875,0.03734442964196205,-0.01214771531522274,-0.018868248909711838,-0.04607773572206497,0.004430416971445084,-0.032552435994148254,0.00946738850325346,-0.05102406442165375,0.049314070492982864,0.053460415452718735,-0.012525885365903378,0.03288756310939789,0.0080327233299613,-0.007945170626044273,-0.037507314234972,0.04000644385814667,-0.028424546122550964,-0.02327679842710495,-0.006159699521958828,0.04421267658472061,0.000427094753831625,-0.034934088587760925,-0.029078178107738495,0.0226171612739563,0.05746220052242279,0.0022474077995866537,0.01297699473798275,-0.018523575738072395,0.007183012552559376,-0.11201418191194534,0.007481221109628677,-0.04468996822834015,-0.06952450424432755,0.045099809765815735,0.008534095250070095,0.0060987044125795364,0.027868060395121574,0.057174552232027054,-0.004103291779756546,-0.014674701727926731,0.030383555218577385,0.0756709948182106,-0.0627259612083435,-0.01890842244029045,-0.02641909010708332,-0.005857208743691444,0.06078369915485382,0.030665474012494087,0.002923793625086546,-0.04865042865276337,0.05585537850856781,0.011029562912881374,0.006263518240302801,-0.01480886247009039,0.020070409402251244,-0.06367369741201401,0.04296015948057175,0.06482715904712677,0.05378769710659981,-0.027082599699497223,-0.02652035839855671,-0.053131353110075,-0.028711380437016487,-0.007437979336827993,0.07690034061670303,0.06987623870372772,-0.011175748892128468,0.012288717553019524,0.07186459749937057,-0.02300908975303173,0.009798034094274044,-0.01662737876176834,0.056500356644392014,0.031733352690935135,-0.006835232023149729,-0.006382799241691828,-0.002222418785095215,0.023035598918795586,0.009513303637504578,-0.03010036237537861,-0.0031304298900067806,0.0027748753782361746,-0.10124441236257553,0.042664118111133575,0.034499652683734894,0.010367452166974545,0.03320007771253586,0.00469558872282505,-0.06485811620950699,-0.057383522391319275,-0.04252719506621361,-0.10303135961294174,-0.02046562172472477,0.02150198072195053,-0.043569061905145645,0.05175046622753143,-0.011147020384669304,-0.010156436823308468,-0.030279701575636864,-0.03473268449306488,0.01623624935746193,0.033696550875902176,-0.029665840789675713,-0.04409370943903923,-0.003983166068792343,0.0018804200226441026,-0.05005103722214699,0.04914098605513573,0.07804245501756668,0.04303695261478424,0.01612844131886959,-0.0016694922233000398,0.03748886659741402,0.06357482820749283,0.03289707750082016,-0.02160818502306938,-0.008566995151340961,-0.010785119608044624,-0.028976378962397575,0.030871622264385223,0.00648627569898963,0.11168825626373291,0.002789770020172,0.037969592958688736,-0.03716740012168884,-0.02483021281659603,-0.006346723064780235,0.021686650812625885,0.030228160321712494,-0.0020766351372003555,0.02579713799059391,0.01653980277478695,-0.004555366933345795,0.11537880450487137,-0.0993991419672966,-0.049171172082424164,-0.004402228631079197,-0.02556338533759117,-0.06847673654556274,-0.07176437973976135,0.07159610092639923,0.040938444435596466,0.02941027469933033,0.07565682381391525,-0.05869550630450249,-0.06374868005514145,-0.019887343049049377,-0.04896903038024902,0.1034662052989006,-0.0790099948644638,0.08034594357013702,0.026025427505373955,0.03903459385037422,0.06959424912929535,0.022557076066732407,0.0025445169303566217,-0.026537038385868073,-0.018768232315778732,-0.015311812981963158,0.02068742923438549,0.0017428784631192684,-0.04817316308617592,0.09825748950242996,-0.0225408636033535,-0.05957069620490074,-0.03916597366333008,0.03861022740602493,-0.05046617239713669,-0.002599322935566306,0.018937798216938972,-0.0965433344244957,0.020349545404314995,0.010371949523687363,-0.03450683131814003,-0.0221207644790411,0.017035305500030518,-0.01185719482600689,-0.015279369428753853,-0.06447924673557281,-0.007930329069495201,0.04642922803759575,0.017681170254945755,0.016409365460276604,-0.007201060187071562,0.013214841485023499,0.08820859342813492,-0.013093098998069763,0.04565299302339554,-0.10126451402902603,0.06832056492567062,-0.026150532066822052,0.01381194032728672,-0.00893242098391056,-0.03137831762433052,-0.0161261148750782,0.041887570172548294,-0.05191102996468544,0.04212905094027519,-0.05473661422729492,-0.007359583396464586,-0.015036702156066895,0.02284396067261696,-0.025418585166335106,-0.012684951536357403,-0.005208681337535381,-0.03557714447379112,0.04309328272938728,0.0037461817264556885,-0.010114981792867184,-0.04090835154056549,0.08641847223043442,0.027634549885988235,0.03642134740948677,-0.06561965495347977,-0.009891021065413952,0.009170900098979473,0.018778199329972267,-0.03914204239845276,-0.057655736804008484,-0.0015601498307660222,0.03409974277019501,-0.0706559419631958,0.06327729672193527,-0.023210542276501656,0.02713090553879738,0.022769855335354805,-0.01165802963078022,-0.04766625910997391,0.10667971521615982,0.017897870391607285,-0.013633783906698227,-0.05429035425186157,-0.058680977672338486,-0.03233431279659271,-0.01447147224098444,0.010076222941279411,0.0837036520242691,-0.03252624720335007,-0.009475015103816986,-0.02069052681326866,0.06823581457138062,0.0003727727453224361,0.07956664264202118,-0.0019526807591319084,-0.030289197340607643,-0.0020974515937268734,0.06003955006599426,-0.044937703758478165,-0.01535179652273655,-0.0579276978969574,-0.009679550305008888,-0.026469314470887184,0.029580753296613693,0.07065752893686295,-0.032372619956731796,-0.010643236339092255,0.03461381793022156,-0.06005338951945305,-0.039461128413677216,0.021776139736175537,0.026338569819927216,-0.022740844637155533,-0.05309644713997841,0.07234493643045425,0.02855449728667736,-0.05642608925700188,-0.030494196340441704,0.01716688834130764,0.017261382192373276]', '2026-03-30 08:40:36', 'up'),
(61, '23-00298', '[0.018242578953504562,-0.08350810408592224,0.037881482392549515,0.015299009159207344,0.015532474964857101,0.02551809884607792,-0.009195864200592041,0.0020707144867628813,-0.017032161355018616,-0.06490926444530487,-0.0003797892131842673,0.0035673221573233604,0.04015691205859184,0.007808055263012648,0.06258030980825424,-0.06797748059034348,0.06775794178247452,-0.050331201404333115,0.08532174676656723,0.02413163147866726,-0.011876541189849377,0.0237650815397501,-0.01796572096645832,0.027704738080501556,0.013190153054893017,0.008067029528319836,0.004015435930341482,-0.09786590188741684,0.061756279319524765,0.025084329769015312,0.04621824249625206,0.022938884794712067,0.019186705350875854,-0.032996080815792084,-0.0197236817330122,-0.05821257457137108,-0.047856345772743225,0.016419047489762306,0.023110685870051384,0.11801005899906158,-0.0621456578373909,0.04745592549443245,0.018600402399897575,0.004117964766919613,-0.0022194411139935255,0.06202349439263344,-0.054888490587472916,0.02534763142466545,0.0021060267463326454,0.04530708119273186,0.08097518235445023,0.01785910688340664,-0.05582732334733009,-0.0318208746612072,0.08033807575702667,-0.026435066014528275,0.03772415593266487,0.01085969340056181,-0.0318923257291317,-0.010047944262623787,0.020159246399998665,0.009549065493047237,0.08159004896879196,-0.008601076900959015,0.0461273156106472,0.010003875941038132,-0.00310809095390141,0.03459036350250244,-0.036333441734313965,-0.052543360739946365,0.061310868710279465,-0.014599323272705078,0.07080167531967163,-0.01322267297655344,0.06818294525146484,0.03308356925845146,0.03936963528394699,-0.027624865993857384,0.06018193066120148,-0.004474243149161339,-0.001584940473549068,0.06320266425609589,0.015477078966796398,0.017176935449242592,0.02037086896598339,0.0749407410621643,-0.017903471365571022,0.0198651272803545,0.04141518846154213,-0.044975075870752335,0.051110316067934036,-0.005347143393009901,0.05475851148366928,0.05872933939099312,-0.055192239582538605,-0.046386539936065674,-0.025298239663243294,0.05830365791916847,0.031323496252298355,0.0924912542104721,0.016393624246120453,0.027319423854351044,-0.02430551126599312,-0.05978023633360863,0.0292504895478487,0.03786453977227211,-0.031043963506817818,0.06765682250261307,-0.02182537503540516,-0.010652567259967327,-0.03586425632238388,0.0545925572514534,0.0435611791908741,0.03794192150235176,-0.02865564450621605,-0.10690286010503769,-0.04328488931059837,0.043893441557884216,-0.040859442204236984,0.041545525193214417,-0.054915498942136765,0.04714228957891464,-0.008765866048634052,-0.00380495423451066,0.053368937224149704,0.01882205717265606,-0.03662233427166939,-0.029271960258483887,0.035218317061662674,-0.05789264664053917,0.03678291290998459,-0.035082168877124786,0.05492605268955231,0.12047939747571945,-0.059164173901081085,-0.051412664353847504,-0.04475730285048485,0.10385967791080475,0.09037762135267258,0.04003708064556122,0.02100875787436962,0.019067617133259773,0.007398795336484909,0.03784899786114693,0.011937822215259075,-0.006046041380614042,0.01868663914501667,-0.00009380104165757075,-0.09622012823820114,-0.10545068234205246,0.03249002620577812,0.05830801650881767,-0.04509822279214859,-0.016263991594314575,-0.04756895825266838,-0.05682971701025963,-0.003611994907259941,0.05249306187033653,-0.05519477650523186,0.06125567480921745,-0.03193485736846924,0.012607756070792675,0.038719743490219116,0.04518170282244682,-0.01901530660688877,0.07154928892850876,-0.04681704565882683,0.005747763905674219,0.03459387272596359,0.00037788948975503445,-0.05101487413048744,-0.047697167843580246,0.07159693539142609,0.09386689215898514,0.009643945842981339,-0.01947137713432312,0.05482008308172226,-0.06708963960409164,-0.0188068225979805,0.051156673580408096,0.049804605543613434,0.012288516387343407,0.14443868398666382,-0.020035725086927414,-0.03695448860526085,-0.019598903134465218,-0.057630594819784164,-0.006262474227696657,-0.03468754142522812,-0.022633668035268784,0.06406298279762268,-0.0035236997064203024,-0.04696701467037201,0.10633008182048798,-0.020991584286093712,-0.0025445371866226196,-0.09290535748004913,0.011807593517005444,0.005379464477300644,-0.018620522692799568,-0.013510238379240036,0.013814305886626244,-0.054972775280475616,-0.06647711247205734,-0.003224705345928669,-0.04194962605834007,-0.02063303254544735,0.029104918241500854,0.09353416413068771,0.0736638754606247,-0.0748622938990593,-0.021072711795568466,0.018453210592269897,-0.047525979578495026,-0.10856801271438599,0.0004912356962449849,-0.06644397228956223,0.01492681261152029,-0.06071930378675461,-0.00870878528803587,0.03779219090938568,-0.004380248952656984,0.004325969144701958,-0.03106546588242054,0.043057456612586975,-0.02188692055642605,0.05527835711836815,0.0013543283566832542,0.016452420502901077,0.006716565694659948,-0.012595503591001034,-0.06380458921194077,-0.02341141737997532,-0.031177183613181114,-0.06658456474542618,0.0048001669347286224,-0.03044339455664158,-0.04036908224225044,-0.04991760849952698,-0.002369354944676161,-0.008772773668169975,0.050054799765348434,0.018964393064379692,0.05106840655207634,-0.01935366913676262,-0.01700790412724018,-0.04980265721678734,0.04865540564060211,-0.015437810681760311,-0.06881549954414368,0.0026077753864228725,0.07155236601829529,0.024127041921019554,0.024590233340859413,0.033280592411756516,-0.01109934039413929,0.005630144849419594,0.0022071641869843006,0.02380630187690258,-0.0348556712269783,0.016939496621489525,-0.02292197197675705,0.06630238890647888,-0.05482146143913269,-0.03226952999830246,0.011263224296271801,0.0007534151081927121,0.03364942967891693,-0.003698167158290744,-0.017809823155403137,-0.03156225010752678,-0.006786138750612736,-0.09346742928028107,-0.01246734894812107,-0.032027799636125565,0.004566417541354895,0.06778397411108017,-0.02383122779428959,0.0005047852755524218,0.015990421175956726,0.014151392504572868,-0.007456985302269459,-0.05279380828142166,0.07341036945581436,0.0457792766392231,-0.016454193741083145,0.005101476330310106,-0.05626695230603218,-0.008592380210757256,0.0699344277381897,-0.011996902525424957,-0.021243469789624214,-0.05113135278224945,0.052448078989982605,-0.023069951683282852,-0.05481996014714241,-0.01104012131690979,0.013713172636926174,-0.057426825165748596,0.00788098108023405,0.060771357268095016,0.03211791068315506,-0.08554419875144958,-0.027291592210531235,-0.05897440016269684,0.02187022566795349,-0.041405871510505676,0.014043417759239674,0.058887582272291183,0.015029099769890308,-0.06421371549367905,0.08350992202758789,-0.02774750255048275,-0.032091956585645676,0.021013524383306503,0.038366373628377914,0.012881833128631115,0.010949195362627506,-0.013688799925148487,-0.021578297019004822,0.03873612731695175,0.06487449258565903,-0.03336377069354057,-0.018262963742017746,-0.011334671638906002,-0.0934150367975235,0.0045280857011675835,0.009325630031526089,0.0080240648239851,0.04041880741715431,-0.029219234362244606,-0.04529973119497299,-0.0485139824450016,-0.0031543842051178217,-0.08814319968223572,-0.05600273236632347,0.011921406723558903,-0.030076395720243454,0.03792979568243027,-0.02641323395073414,0.0379563607275486,-0.028921321034431458,0.015161140821874142,0.04502885043621063,-0.027156200259923935,-0.03655654937028885,-0.010496968403458595,-0.03665728121995926,0.015506208874285221,-0.04892490431666374,0.013197656720876694,0.0668625757098198,0.020414452999830246,0.06185523793101311,-0.009293721057474613,0.010110077448189259,0.03965766355395317,-0.05213011056184769,-0.03994448110461235,-0.011083200573921204,0.012209553271532059,-0.04630408436059952,0.08871085196733475,-0.0018311882158741355,0.04611428454518318,-0.016366763040423393,0.08015561103820801,-0.012276746332645416,-0.015102941542863846,0.047240905463695526,-0.021410733461380005,-0.02654321864247322,-0.03954325616359711,0.008190280757844448,0.029050253331661224,-0.008053088560700417,0.10174526274204254,-0.05641789361834526,-0.062303103506565094,-0.015439856797456741,-0.07916679233312607,-0.04097304120659828,-0.08943266421556473,0.08416955173015594,-0.021260002627968788,0.08409483730792999,0.048533450812101364,-0.046296220272779465,-0.07999316602945328,-0.030025212094187737,-0.03817228600382805,0.08009964227676392,-0.038194749504327774,0.07759916037321091,-0.02742350846529007,0.06859588623046875,0.012909181416034698,0.05096955969929695,-0.04796580970287323,-0.0061689019203186035,-0.05072901025414467,0.02249225042760372,0.010376225225627422,-0.013003011234104633,-0.03250443935394287,0.10744559019804001,0.01090149860829115,0.015112998895347118,-0.01698508858680725,-0.007336663547903299,-0.06334105134010315,-0.019577186554670334,0.018491080030798912,-0.08033762872219086,0.014145868830382824,-0.038457877933979034,-0.02130916342139244,-0.049875982105731964,0.028485935181379318,0.03171160817146301,-0.0289834663271904,-0.050941210240125656,-0.02084627002477646,0.03190910816192627,0.028776902705430984,0.022865572944283485,-0.007959779351949692,-0.03082151524722576,0.019750501960515976,0.029477164149284363,0.050443753600120544,-0.0881240963935852,0.006076263263821602,0.0017595282988622785,-0.022921806201338768,0.026273323222994804,0.0013656519586220384,-0.03920825570821762,0.028690166771411896,-0.09678688645362854,-0.013436956331133842,-0.002903713844716549,-0.05463271588087082,-0.04093287140130997,0.05736150965094566,-0.011135169304907322,-0.0380638912320137,-0.018711445853114128,0.010482118465006351,0.004937987308949232,0.03385696932673454,-0.02457030490040779,-0.0565003864467144,0.02401001751422882,-0.031148552894592285,0.0909540206193924,-0.0827144905924797,-0.013512877747416496,0.014758897945284843,0.01706508733332157,-0.009732712991535664,-0.024074168875813484,-0.016756754368543625,0.013810980133712292,-0.04155842587351799,0.02799433097243309,-0.03256119787693024,0.03392608091235161,0.025504648685455322,-0.02480381727218628,-0.026069102808833122,0.08783327788114548,0.008472543209791183,0.0022147181443870068,-0.031391337513923645,-0.01764901913702488,-0.0035876105539500713,0.012299158610403538,0.03314990550279617,0.07730282843112946,0.017686206847429276,-0.02533440850675106,0.0028748956974595785,0.011847239919006824,0.05880388244986534,0.08425343781709671,-0.004362627863883972,-0.048642322421073914,0.006913440767675638,0.013837896287441254,-0.02756880596280098,0.002759828232228756,-0.051424480974674225,0.004520571790635586,-0.04372406005859375,-0.01588238775730133,0.08821175992488861,-0.04256364330649376,0.003404923714697361,0.030263934284448624,-0.0433913879096508,0.008707903325557709,0.07162731140851974,0.007835076190531254,-0.000298819737508893,-0.05731075257062912,0.07870148122310638,0.024202819913625717,-0.059773821383714676,-0.03576399013400078,-0.029596921056509018,-0.05006106570363045]', '2026-03-30 08:40:36', 'down');

-- --------------------------------------------------------

--
-- Table structure for table `visitor_logs`
--

CREATE TABLE `visitor_logs` (
  `visitor_id` bigint(20) NOT NULL,
  `full_name` varchar(150) NOT NULL,
  `email` varchar(255) NOT NULL,
  `reason` varchar(100) NOT NULL,
  `other_reason` varchar(255) DEFAULT NULL,
  `action` enum('ENTRY','EXIT') NOT NULL DEFAULT 'ENTRY',
  `log_time` datetime NOT NULL DEFAULT current_timestamp(),
  `qr_token` varchar(255) DEFAULT NULL
) ENGINE=InnoDB DEFAULT CHARSET=utf8mb4 COLLATE=utf8mb4_general_ci;

--
-- Dumping data for table `visitor_logs`
--

INSERT INTO `visitor_logs` (`visitor_id`, `full_name`, `email`, `reason`, `other_reason`, `action`, `log_time`, `qr_token`) VALUES
(6, 'Lynn Czyla Alpuerto', 'lynnzylameczdo@gmail.com', 'Meeting with Faculty', NULL, 'EXIT', '2026-04-05 06:46:35', '143439a8-4141-4f15-8894-be9b11f1897d'),
(7, 'Lynn Czyla Alpuerto', 'lynnzylameczdo@gmail.com', 'Meeting with Faculty', NULL, 'EXIT', '2026-04-05 06:58:59', 'a5405905-787f-4f14-b09f-83b02cfa5061'),
(8, 'Lynn Czyla Alpuerto', 'lynnzylameczdo@gmail.com', 'Meeting with Faculty', NULL, 'EXIT', '2026-04-05 07:20:24', 'b06fc5d1-27ed-4252-98d4-9e2d1f0a16f3'),
(9, 'Lynn Czyla ALpuerto', 'bitancor1234amora@gmail.com', 'Event / Activity', NULL, 'ENTRY', '2026-04-06 16:43:58', '95cc9628-2458-4539-bd43-9cda18de7a9e'),
(10, 'Bitancor, jerimiah A', 'bitancor1234amora@gmail.com', 'Enrollment / Registration', NULL, 'EXIT', '2026-04-13 22:40:02', '45095469-9652-42b6-8292-8340fe8bb6dd');

--
-- Indexes for dumped tables
--

--
-- Indexes for table `admins`
--
ALTER TABLE `admins`
  ADD PRIMARY KEY (`admin_id`);

--
-- Indexes for table `authentication`
--
ALTER TABLE `authentication`
  ADD PRIMARY KEY (`auth_id`),
  ADD KEY `idx_auth_student` (`student_id`);

--
-- Indexes for table `departments`
--
ALTER TABLE `departments`
  ADD PRIMARY KEY (`id`),
  ADD UNIQUE KEY `dept_code` (`dept_code`),
  ADD UNIQUE KEY `dept_name` (`dept_name`),
  ADD KEY `idx_status` (`status`),
  ADD KEY `idx_dept_name` (`dept_name`);

--
-- Indexes for table `entry_exit_logs`
--
ALTER TABLE `entry_exit_logs`
  ADD PRIMARY KEY (`log_id`),
  ADD KEY `auth_id` (`auth_id`),
  ADD KEY `idx_log_student` (`student_id`),
  ADD KEY `idx_log_time` (`log_time`);

--
-- Indexes for table `programs`
--
ALTER TABLE `programs`
  ADD PRIMARY KEY (`id`),
  ADD UNIQUE KEY `programCode` (`programCode`);

--
-- Indexes for table `students`
--
ALTER TABLE `students`
  ADD PRIMARY KEY (`student_id`),
  ADD UNIQUE KEY `email` (`email`);

--
-- Indexes for table `student_face_embeddings`
--
ALTER TABLE `student_face_embeddings`
  ADD PRIMARY KEY (`id`),
  ADD KEY `student_id` (`student_id`);

--
-- Indexes for table `visitor_logs`
--
ALTER TABLE `visitor_logs`
  ADD PRIMARY KEY (`visitor_id`);

--
-- AUTO_INCREMENT for dumped tables
--

--
-- AUTO_INCREMENT for table `admins`
--
ALTER TABLE `admins`
  MODIFY `admin_id` int(11) NOT NULL AUTO_INCREMENT, AUTO_INCREMENT=2300297;

--
-- AUTO_INCREMENT for table `authentication`
--
ALTER TABLE `authentication`
  MODIFY `auth_id` bigint(20) NOT NULL AUTO_INCREMENT, AUTO_INCREMENT=75;

--
-- AUTO_INCREMENT for table `departments`
--
ALTER TABLE `departments`
  MODIFY `id` int(11) NOT NULL AUTO_INCREMENT, AUTO_INCREMENT=11;

--
-- AUTO_INCREMENT for table `entry_exit_logs`
--
ALTER TABLE `entry_exit_logs`
  MODIFY `log_id` bigint(20) NOT NULL AUTO_INCREMENT, AUTO_INCREMENT=75;

--
-- AUTO_INCREMENT for table `programs`
--
ALTER TABLE `programs`
  MODIFY `id` int(11) NOT NULL AUTO_INCREMENT, AUTO_INCREMENT=24;

--
-- AUTO_INCREMENT for table `student_face_embeddings`
--
ALTER TABLE `student_face_embeddings`
  MODIFY `id` int(11) NOT NULL AUTO_INCREMENT, AUTO_INCREMENT=62;

--
-- AUTO_INCREMENT for table `visitor_logs`
--
ALTER TABLE `visitor_logs`
  MODIFY `visitor_id` bigint(20) NOT NULL AUTO_INCREMENT, AUTO_INCREMENT=11;

--
-- Constraints for dumped tables
--

--
-- Constraints for table `authentication`
--
ALTER TABLE `authentication`
  ADD CONSTRAINT `authentication_ibfk_1` FOREIGN KEY (`student_id`) REFERENCES `students` (`student_id`) ON DELETE CASCADE;

--
-- Constraints for table `entry_exit_logs`
--
ALTER TABLE `entry_exit_logs`
  ADD CONSTRAINT `entry_exit_logs_ibfk_1` FOREIGN KEY (`student_id`) REFERENCES `students` (`student_id`) ON DELETE CASCADE,
  ADD CONSTRAINT `entry_exit_logs_ibfk_2` FOREIGN KEY (`auth_id`) REFERENCES `authentication` (`auth_id`) ON DELETE CASCADE;

--
-- Constraints for table `student_face_embeddings`
--
ALTER TABLE `student_face_embeddings`
  ADD CONSTRAINT `student_face_embeddings_ibfk_1` FOREIGN KEY (`student_id`) REFERENCES `students` (`student_id`) ON DELETE CASCADE;
COMMIT;

/*!40101 SET CHARACTER_SET_CLIENT=@OLD_CHARACTER_SET_CLIENT */;
/*!40101 SET CHARACTER_SET_RESULTS=@OLD_CHARACTER_SET_RESULTS */;
/*!40101 SET COLLATION_CONNECTION=@OLD_COLLATION_CONNECTION */;
